ID,Name,disableParam_NT,disableParamReserve1,disableParamReserve2,iconId,rank,sortGroupId,spEffectId0,spEffectId1,spEffectId2,itemGetTutorialFlagId,swordArtsParamId,mountValue,sellValue,saleValue,sortId,compTrophySedId,trophySeqId,configurableWepAttr00,configurableWepAttr01,configurableWepAttr02,configurableWepAttr03,configurableWepAttr04,configurableWepAttr05,configurableWepAttr06,configurableWepAttr07,configurableWepAttr08,configurableWepAttr09,configurableWepAttr10,configurableWepAttr11,configurableWepAttr12,configurableWepAttr13,configurableWepAttr14,configurableWepAttr15,rarity,configurableWepAttr16,configurableWepAttr17,configurableWepAttr18,configurableWepAttr19,configurableWepAttr20,configurableWepAttr21,configurableWepAttr22,configurableWepAttr23,isDiscard,isDrop,isDeposit,disableMultiDropShare,showDialogCondType,showLogCondType,pad,defaultWepAttr,isSpecialSwordArt,pad2,canMountWep_Dagger,canMountWep_SwordNormal,canMountWep_SwordLarge,canMountWep_SwordGigantic,canMountWep_SaberNormal,canMountWep_SaberLarge,canMountWep_katana,canMountWep_SwordDoubleEdge,canMountWep_SwordPierce,canMountWep_RapierHeavy,canMountWep_AxeNormal,canMountWep_AxeLarge,canMountWep_HammerNormal,canMountWep_HammerLarge,canMountWep_Flail,canMountWep_SpearNormal,canMountWep_SpearLarge,canMountWep_SpearHeavy,canMountWep_SpearAxe,canMountWep_Sickle,canMountWep_Knuckle,canMountWep_Claw,canMountWep_Whip,canMountWep_AxhammerLarge,canMountWep_BowSmall,canMountWep_BowNormal,canMountWep_BowLarge,canMountWep_ClossBow,canMountWep_Ballista,canMountWep_Staff,canMountWep_Sorcery,canMountWep_Talisman,canMountWep_ShieldSmall,canMountWep_ShieldNormal,canMountWep_ShieldLarge,canMountWep_Torch,canMountWep_HandToHand,canMountWep_PerfumeBottle,canMountWep_ThrustingShield,canMountWep_ThrowingWeapon,canMountWep_ReverseHandSword,canMountWep_LightGreatsword,canMountWep_GreatKatana,canMountWep_BeastClaw,reserved_canMountWep_0x3d_4,reserved2_canMountWep,spEffectMsgId0,spEffectMsgId1,spEffectId_forAtk0,spEffectId_forAtk1,spEffectId_forAtk2,mountWepTextId,pad6,
10000,,1,0,[0|0|0],8300,0,10,-1,-1,-1,710600,100,0,300,0,350030,-1,-1,1,1,1,1,1,1,1,1,1,1,1,1,1,0,0,0,1,0,0,0,0,0,0,0,0,1,1,1,0,2,1,0,1,0,0,0,1,1,1,1,1,1,1,0,0,1,1,1,1,1,0,0,0,0,0,0,0,0,1,0,0,0,0,0,0,0,0,0,0,0,0,0,0,0,0,0,1,1,0,0,[0|0],-1,-1,-1,-1,-1,63000,[0|0|0|0|0|0|0|0]
10100,,1,0,[0|0|0],8301,0,20,-1,-1,-1,710600,101,0,300,0,351010,-1,-1,1,1,1,1,1,1,1,1,1,1,1,1,1,0,0,0,1,0,0,0,0,0,0,0,0,1,1,1,0,2,1,0,2,0,0,1,1,1,0,0,0,1,1,1,1,0,0,0,0,0,1,0,1,1,0,0,1,0,0,0,0,0,0,0,0,0,0,0,0,0,0,0,0,1,1,0,1,1,0,0,[0|0],-1,-1,-1,-1,-1,63004,[0|0|0|0|0|0|0|0]
10200,,0,0,[0|0|0],8302,0,20,-1,-1,-1,710600,102,0,300,0,351020,-1,-1,1,1,1,1,1,1,1,1,1,1,1,1,1,0,0,0,2,0,0,0,0,0,0,0,0,1,1,1,0,2,1,0,2,0,0,0,1,1,0,0,0,1,1,1,1,0,0,0,0,0,1,0,1,1,0,0,0,0,0,0,0,0,0,0,0,0,0,0,0,0,0,0,0,1,0,0,1,1,0,0,[0|0],-1,-1,-1,-1,-1,63001,[0|0|0|0|0|0|0|0]
10300,,1,0,[0|0|0],8303,0,20,-1,-1,-1,710600,103,0,300,0,351000,-1,-1,1,1,1,1,1,1,1,1,1,1,1,1,1,0,0,0,1,0,0,0,0,0,0,0,0,1,1,1,0,2,1,0,2,0,0,1,1,1,0,1,1,1,1,0,0,1,1,0,0,0,1,0,1,1,1,0,0,0,0,0,0,0,0,0,0,0,0,0,0,0,0,0,0,0,1,1,1,1,0,0,[0|0],-1,-1,-1,-1,-1,63002,[0|0|0|0|0|0|0|0]
10500,,1,0,[0|0|0],8304,0,30,-1,-1,-1,710600,105,0,300,0,352010,-1,-1,1,1,1,1,1,1,1,1,1,1,1,1,1,0,0,0,1,0,0,0,0,0,0,0,0,1,1,1,0,2,1,0,3,0,0,0,0,0,0,0,0,0,1,0,1,0,0,0,0,0,1,0,1,1,0,0,0,0,0,0,0,0,0,0,0,0,0,0,0,0,0,0,0,1,0,0,0,0,0,0,[0|0],-1,-1,-1,-1,-1,63013,[0|0|0|0|0|0|0|0]
10600,,1,0,[0|0|0],8305,0,10,-1,-1,-1,710600,106,0,300,0,350000,-1,-1,1,1,1,1,1,1,1,1,1,1,1,1,1,0,0,0,1,0,0,0,0,0,0,0,0,1,1,1,0,2,1,0,1,0,0,0,0,1,1,0,1,0,0,0,1,1,1,1,1,1,0,0,0,0,0,0,0,0,1,0,0,0,0,0,0,0,0,0,0,0,0,0,0,0,0,0,0,1,0,0,[0|0],-1,-1,-1,-1,-1,63003,[0|0|0|0|0|0|0|0]
10700,,1,0,[0|0|0],8306,0,10,-1,-1,-1,710600,107,0,300,0,350010,-1,-1,1,1,1,1,1,1,1,1,1,1,1,1,1,0,0,0,1,0,0,0,0,0,0,0,0,1,1,1,0,2,1,0,1,0,0,0,0,1,1,0,1,0,0,0,1,1,1,1,1,1,0,0,0,0,0,0,0,0,1,0,0,0,0,0,0,0,0,0,0,0,0,0,0,0,0,0,0,1,0,0,[0|0],-1,-1,-1,-1,-1,63003,[0|0|0|0|0|0|0|0]
10800,,1,0,[0|0|0],8307,0,90,-1,-1,-1,710600,108,0,300,0,359020,-1,-1,1,1,1,1,0,0,0,0,0,0,1,1,1,0,0,0,2,0,0,0,0,0,0,0,0,1,1,1,0,2,1,0,11,0,0,1,1,1,0,0,0,1,1,1,1,0,0,0,0,0,1,0,1,1,0,0,0,0,0,0,0,0,0,0,0,0,0,0,0,0,0,0,0,1,1,0,1,1,0,0,[0|0],-1,-1,-1,-1,-1,63004,[0|0|0|0|0|0|0|0]
10900,,0,0,[0|0|0],8308,0,20,-1,-1,-1,710600,109,0,300,0,351030,-1,-1,1,1,1,1,1,1,1,1,1,1,1,1,1,0,0,0,1,0,0,0,0,0,0,0,0,1,1,1,0,2,1,0,2,0,0,1,1,1,0,0,0,1,1,1,1,0,0,0,0,0,1,0,1,1,0,0,0,0,0,0,0,0,0,0,0,0,0,0,0,0,0,0,0,1,1,0,1,1,0,0,[0|0],-1,-1,-1,-1,-1,63004,[0|0|0|0|0|0|0|0]
11000,,1,0,[0|0|0],8309,0,10,-1,-1,-1,710600,110,0,300,0,350020,-1,-1,1,1,1,1,1,1,1,1,1,1,1,1,1,0,0,0,1,0,0,0,0,0,0,0,0,1,1,1,0,2,1,0,1,0,0,0,0,1,0,1,1,0,0,0,0,1,1,1,1,1,0,0,0,0,0,0,0,0,0,0,0,0,0,0,0,0,0,0,0,0,0,0,0,0,0,0,0,1,0,0,[0|0],-1,-1,-1,-1,-1,63043,[0|0|0|0|0|0|0|0]
11100,,1,0,[0|0|0],8310,0,30,-1,-1,-1,710600,111,0,300,0,352020,-1,-1,1,1,1,1,1,1,1,1,1,1,1,1,1,0,0,0,1,0,0,0,0,0,0,0,0,1,1,1,0,2,1,0,3,0,0,0,0,0,0,0,0,0,0,0,0,0,0,0,0,0,1,0,0,1,1,0,0,0,0,0,0,0,0,0,0,0,0,0,0,0,0,0,0,0,0,0,0,0,0,0,[0|0],-1,-1,-1,-1,-1,63025,[0|0|0|0|0|0|0|0]
11200,,1,0,[0|0|0],8311,0,20,-1,-1,-1,710600,112,0,300,0,351040,-1,-1,1,1,1,1,1,1,1,1,1,1,1,1,1,0,0,0,1,0,0,0,0,0,0,0,0,1,1,1,0,2,1,0,2,0,0,1,1,1,0,1,1,1,1,0,0,0,0,0,0,0,0,0,0,1,1,0,0,0,0,0,0,0,0,0,0,0,0,0,0,0,0,0,0,0,1,0,1,1,0,0,[0|0],-1,-1,-1,-1,-1,63006,[0|0|0|0|0|0|0|0]
11300,,1,0,[0|0|0],8312,0,50,-1,-1,-1,710600,113,0,300,0,355000,-1,-1,1,1,1,1,1,1,0,0,0,0,0,0,0,0,0,0,2,0,0,0,0,0,0,0,0,1,1,1,0,2,1,0,5,0,0,0,0,0,0,0,0,0,0,0,0,0,1,0,1,0,0,0,0,0,0,0,0,0,1,0,0,0,0,0,0,0,0,0,0,0,0,0,0,0,0,0,0,0,0,0,[0|0],-1,-1,-1,-1,-1,63007,[0|0|0|0|0|0|0|0]
11400,,1,0,[0|0|0],8313,0,20,-1,-1,-1,710600,114,0,300,0,351060,-1,-1,1,1,1,1,1,1,1,1,1,1,1,1,1,0,0,0,1,0,0,0,0,0,0,0,0,1,1,1,0,2,1,0,2,0,0,0,0,0,0,0,0,1,0,0,0,0,0,0,0,0,0,0,0,0,0,0,0,0,0,0,0,0,0,0,0,0,0,0,0,0,0,0,0,0,0,0,0,0,0,0,[0|0],-1,-1,-1,-1,-1,63008,[0|0|0|0|0|0|0|0]
11500,,1,0,[0|0|0],8314,0,30,-1,-1,-1,710600,115,0,300,0,352000,-1,-1,1,1,1,1,1,1,1,1,1,1,1,1,1,0,0,0,1,0,0,0,0,0,0,0,0,1,1,1,0,2,1,0,3,0,0,0,1,0,0,0,0,0,0,0,0,0,0,0,0,0,0,0,0,0,0,0,0,0,0,0,0,0,0,0,0,0,0,0,0,0,0,0,0,0,0,0,0,0,0,0,[0|0],-1,-1,-1,-1,-1,63009,[0|0|0|0|0|0|0|0]
11600,,1,0,[0|0|0],8315,0,30,-1,-1,-1,710600,116,0,300,0,352030,-1,-1,1,1,1,1,1,1,1,1,1,1,1,1,1,0,0,0,2,0,0,0,0,0,0,0,0,1,1,1,0,2,1,0,3,0,0,0,0,1,1,0,0,0,1,0,1,0,0,0,0,0,1,0,1,1,0,0,0,0,0,0,0,0,0,0,0,0,0,0,0,0,0,0,0,1,0,0,0,1,0,0,[0|0],-1,-1,-1,-1,-1,63010,[0|0|0|0|0|0|0|0]
11800,,1,0,[0|0|0],8316,0,40,-1,-1,-1,710600,118,0,300,0,353060,-1,-1,1,1,1,1,0,0,0,0,1,1,0,0,0,0,0,0,2,0,0,0,0,0,0,0,0,1,1,1,0,2,1,0,8,0,0,0,0,0,0,0,0,0,1,0,0,0,0,0,0,0,1,0,1,1,1,0,0,0,0,0,0,0,0,0,0,0,0,0,0,0,0,0,0,0,0,0,0,0,0,0,[0|0],-1,-1,-1,-1,-1,63024,[0|0|0|0|0|0|0|0]
11900,,1,0,[0|0|0],8317,0,90,-1,-1,-1,710600,119,0,300,0,358010,-1,-1,1,1,1,1,0,0,0,0,0,0,1,1,1,0,0,0,2,0,0,0,0,0,0,0,0,1,1,1,0,2,1,0,10,0,0,1,1,0,0,1,0,1,0,1,0,0,0,0,0,0,0,0,0,0,0,0,0,0,0,0,0,0,0,0,0,0,0,0,0,0,0,0,0,0,1,1,1,0,0,0,[0|0],-1,-1,-1,-1,-1,63011,[0|0|0|0|0|0|0|0]
12000,,1,0,[0|0|0],8318,0,40,-1,-1,-1,710600,120,0,300,0,353050,-1,-1,1,1,1,1,0,0,0,0,1,1,0,0,0,0,0,0,1,0,0,0,0,0,0,0,0,1,1,1,0,2,1,0,8,0,0,1,1,0,0,1,0,1,1,1,0,1,0,1,0,1,1,0,0,1,1,0,0,0,0,0,0,0,0,0,1,0,0,0,0,0,0,0,0,1,1,1,1,1,0,0,[0|0],-1,-1,-1,-1,-1,63012,[0|0|0|0|0|0|0|0]
12200,,1,0,[0|0|0],8319,0,30,-1,-1,-1,710600,122,0,300,0,352050,-1,-1,1,1,1,1,1,1,1,1,1,1,1,1,1,0,0,0,1,0,0,0,0,0,0,0,0,1,1,1,0,2,1,0,3,0,0,0,0,0,0,0,0,0,1,0,1,0,0,0,0,0,1,0,1,1,0,0,0,0,0,0,0,0,0,0,0,0,0,0,0,0,0,0,0,1,0,0,0,0,0,0,[0|0],-1,-1,-1,-1,-1,63013,[0|0|0|0|0|0|0|0]
12300,,1,0,[0|0|0],8320,0,30,-1,-1,-1,710600,123,0,300,0,352060,-1,-1,1,1,1,1,1,1,1,1,1,1,1,1,1,0,0,0,1,0,0,0,0,0,0,0,0,1,1,1,0,2,1,0,3,0,0,0,1,1,0,1,1,1,1,0,0,1,1,1,1,1,1,0,1,1,1,0,0,0,0,0,0,0,0,0,0,0,0,0,0,0,0,0,0,0,0,0,1,1,0,0,[0|0],-1,-1,-1,-1,-1,63014,[0|0|0|0|0|0|0|0]
12400,,1,0,[0|0|0],8321,0,20,-1,-1,-1,710600,124,0,300,0,351050,-1,-1,1,1,1,1,1,1,1,1,1,1,1,1,1,0,0,0,1,0,0,0,0,0,0,0,0,1,1,1,0,2,1,0,2,0,0,1,1,1,0,1,1,1,1,0,0,1,1,0,0,0,1,0,0,1,1,0,0,0,0,0,0,0,0,0,0,0,0,0,0,0,0,0,0,0,1,1,1,1,0,0,[0|0],-1,-1,-1,-1,-1,63015,[0|0|0|0|0|0|0|0]
20000,,0,0,[0|0|0],8330,0,40,-1,-1,-1,710600,200,0,300,0,353020,-1,-1,1,1,1,1,0,0,0,0,1,1,0,0,0,0,0,0,1,0,0,0,0,0,0,0,0,1,1,1,0,2,1,0,8,0,0,1,1,1,0,1,1,1,1,1,1,0,0,0,0,0,1,0,1,1,0,0,0,0,0,0,0,0,0,0,0,0,0,0,0,0,0,0,0,1,1,0,1,1,0,0,[0|0],-1,-1,-1,-1,-1,63037,[0|0|0|0|0|0|0|0]
20100,,1,0,[0|0|0],8331,0,80,-1,-1,-1,710600,201,0,300,0,357000,-1,-1,1,1,1,1,0,0,1,1,0,0,0,0,0,0,0,0,1,0,0,0,0,0,0,0,0,1,1,1,0,2,1,0,7,1,0,1,1,1,1,1,1,1,1,1,1,1,1,1,1,1,1,0,1,1,1,0,0,0,1,0,0,0,0,0,0,0,0,0,0,0,0,0,0,1,0,0,1,1,0,0,[0|0],-1,-1,-1,-1,-1,63044,[0|0|0|0|0|0|0|0]
20200,,1,0,[0|0|0],8332,0,90,-1,-1,-1,710600,202,0,300,0,360000,-1,-1,1,1,1,1,0,0,0,0,1,1,0,0,0,0,0,0,1,0,0,0,0,0,0,0,0,1,1,1,0,2,1,0,9,0,0,0,0,0,0,0,0,0,1,0,0,0,0,0,0,0,1,0,1,1,0,0,0,0,0,0,0,0,0,0,0,0,0,0,0,0,0,0,0,0,0,0,0,0,0,0,[0|0],-1,-1,-1,-1,-1,63016,[0|0|0|0|0|0|0|0]
20300,,1,0,[0|0|0],8333,0,40,-1,-1,-1,710600,203,0,300,0,353010,-1,-1,1,1,1,1,0,0,0,0,1,1,0,0,0,0,0,0,1,0,0,0,0,0,0,0,0,1,1,1,0,2,1,0,8,0,0,1,1,1,0,1,1,1,1,1,1,0,0,0,0,0,1,0,1,1,0,0,0,0,0,0,0,0,0,0,0,0,0,0,0,0,0,0,0,1,1,0,1,1,0,0,[0|0],-1,-1,-1,-1,-1,63037,[0|0|0|0|0|0|0|0]
20400,,1,0,[0|0|0],8334,0,90,-1,-1,-1,710600,204,0,300,0,359010,-1,-1,1,1,1,1,0,0,0,0,0,0,1,1,1,0,0,0,1,0,0,0,0,0,0,0,0,1,1,1,0,2,1,0,11,0,0,1,1,1,0,1,1,1,1,1,1,0,0,0,0,0,0,0,0,0,0,0,0,0,0,0,0,0,0,0,0,0,0,0,0,0,0,0,0,0,1,0,1,1,0,0,[0|0],-1,-1,-1,-1,-1,63022,[0|0|0|0|0|0|0|0]
20500,,1,0,[0|0|0],8335,0,120,-1,-1,-1,710600,205,0,300,0,361010,-1,-1,1,1,1,1,0,0,0,0,0,0,1,1,1,0,0,0,2,0,0,0,0,0,0,0,0,1,1,1,0,2,1,0,12,0,0,0,0,0,0,0,0,0,0,0,0,0,0,0,0,0,0,0,0,0,0,1,1,0,0,0,0,0,0,0,0,0,0,0,0,0,0,1,0,0,0,0,0,0,1,0,[0|0],-1,-1,-1,-1,-1,63017,[0|0|0|0|0|0|0|0]
20700,,1,0,[0|0|0],8336,0,50,-1,-1,-1,710600,207,0,300,0,354020,-1,-1,1,1,1,1,1,1,0,0,0,0,0,0,0,0,0,0,1,0,0,0,0,0,0,0,0,1,1,1,0,2,1,0,4,0,0,0,0,1,1,0,1,0,0,0,1,0,1,0,1,0,0,0,0,0,0,0,0,0,1,0,0,0,0,0,0,0,0,0,0,0,0,0,0,0,0,0,0,1,0,0,[0|0],-1,-1,-1,-1,-1,63039,[0|0|0|0|0|0|0|0]
20800,,1,0,[0|0|0],8337,0,80,-1,-1,-1,710600,208,0,300,0,357010,-1,-1,1,1,1,1,0,0,1,1,0,0,0,0,0,0,0,0,1,0,0,0,0,0,0,0,0,1,1,1,0,2,1,0,7,0,0,0,0,0,0,0,0,0,0,0,0,1,1,1,1,1,0,0,0,0,0,0,0,0,1,0,0,0,0,0,0,0,0,0,0,0,0,0,0,0,0,0,0,0,0,0,[0|0],-1,-1,-1,-1,-1,63018,[0|0|0|0|0|0|0|0]
20900,,0,0,[0|0|0],8338,0,40,-1,-1,-1,710600,209,0,300,0,353070,-1,-1,1,1,1,1,0,0,0,0,1,1,0,0,0,0,0,0,2,0,0,0,0,0,0,0,0,1,1,1,0,2,1,0,8,0,0,0,1,1,1,1,1,1,1,1,1,1,1,1,1,1,1,0,1,1,1,0,0,0,1,0,0,0,0,0,0,0,0,0,0,0,0,0,0,1,0,1,1,1,0,0,[0|0],-1,-1,-1,-1,-1,63019,[0|0|0|0|0|0|0|0]
21000,,0,0,[0|0|0],8339,0,30,-1,-1,-1,710600,210,0,300,0,352040,-1,-1,1,1,1,1,1,1,1,1,1,1,1,1,1,0,0,0,1,0,0,0,0,0,0,0,0,1,1,1,0,2,1,0,3,0,0,1,1,1,0,1,1,1,0,1,1,0,0,0,0,0,0,0,0,0,0,0,0,0,0,0,0,0,0,0,0,0,0,0,0,0,0,0,0,0,1,0,1,1,0,0,[0|0],-1,-1,-1,-1,-1,63020,[0|0|0|0|0|0|0|0]
21200,,1,0,[0|0|0],8340,0,10,-1,-1,-1,710600,212,0,300,0,350080,-1,-1,1,1,1,1,1,1,1,1,1,1,1,1,1,0,0,0,1,0,0,0,0,0,0,0,0,1,1,1,0,2,1,0,1,0,0,0,0,0,1,0,0,0,0,0,0,0,1,0,1,0,0,0,1,0,0,0,0,0,1,0,0,0,0,0,0,0,0,0,0,0,0,0,0,0,0,0,0,0,0,0,[0|0],-1,-1,-1,-1,-1,63050,[0|0|0|0|0|0|0|0]
21300,,1,0,[0|0|0],8341,0,80,-1,-1,-1,710600,213,0,300,0,357050,-1,-1,1,1,1,1,0,0,1,1,0,0,0,0,0,0,0,0,2,0,0,0,0,0,0,0,0,1,1,1,0,2,1,0,7,0,0,0,0,0,1,0,0,0,0,0,0,0,1,0,1,0,0,0,1,0,0,0,0,0,1,0,0,0,0,0,0,0,0,0,0,0,0,0,0,0,0,0,0,0,0,0,[0|0],-1,-1,-1,-1,-1,63050,[0|0|0|0|0|0|0|0]
21400,,1,0,[0|0|0],8342,0,50,-1,-1,-1,710600,214,0,300,0,354000,-1,-1,1,1,1,1,1,1,0,0,0,0,0,0,0,0,0,0,1,0,0,0,0,0,0,0,0,1,1,1,0,2,1,0,4,1,0,1,1,1,0,1,1,1,1,1,1,1,1,1,1,1,1,0,1,1,1,1,1,0,0,0,0,0,0,0,0,0,0,0,0,0,0,0,0,1,0,1,1,1,1,0,[0|0],-1,-1,-1,-1,-1,63045,[0|0|0|0|0|0|0|0]
21600,,0,0,[0|0|0],8343,0,50,-1,-1,-1,710600,216,0,300,0,356000,-1,-1,1,1,1,1,0,0,1,1,0,0,0,0,0,0,0,0,1,0,0,0,0,0,0,0,0,1,1,1,0,2,1,0,6,0,0,1,1,1,1,1,1,1,1,1,1,1,1,1,1,1,1,0,1,1,1,1,1,1,1,0,0,0,0,0,0,0,0,0,0,0,0,0,0,1,1,1,1,1,1,0,[0|0],-1,-1,-1,-1,-1,63042,[0|0|0|0|0|0|0|0]
21700,,1,0,[0|0|0],8344,0,50,-1,-1,-1,710600,217,0,300,0,356010,-1,-1,1,1,1,1,0,0,1,1,0,0,0,0,0,0,0,0,1,0,0,0,0,0,0,0,0,1,1,1,0,2,1,0,6,1,0,1,1,1,1,1,1,1,1,1,1,1,1,1,1,1,0,0,0,0,0,0,0,0,1,0,0,0,0,0,0,0,0,0,0,0,0,0,0,0,0,0,1,1,0,0,[0|0],-1,-1,-1,-1,-1,63021,[0|0|0|0|0|0|0|0]
21800,,1,0,[0|0|0],8345,0,40,-1,-1,-1,710600,218,0,300,0,353040,-1,-1,1,1,1,1,0,0,0,0,1,1,0,0,0,0,0,0,2,0,0,0,0,0,0,0,0,1,1,1,0,2,1,0,8,0,0,1,1,1,0,1,1,1,1,1,1,0,0,0,0,0,0,0,0,0,0,0,0,0,0,0,0,0,0,0,0,0,0,0,0,0,0,0,0,0,1,0,1,1,0,0,[0|0],-1,-1,-1,-1,-1,63022,[0|0|0|0|0|0|0|0]
21900,,0,0,[0|0|0],8346,0,40,-1,-1,-1,710600,219,0,300,0,353030,-1,-1,1,1,1,1,0,0,0,0,1,1,0,0,0,0,0,0,1,0,0,0,0,0,0,0,0,1,1,1,0,2,1,0,8,0,0,1,1,1,0,1,1,1,1,1,1,0,0,0,0,0,0,0,0,0,0,0,0,0,0,0,0,0,0,0,0,0,0,0,0,0,0,0,0,0,1,0,1,1,0,0,[0|0],-1,-1,-1,-1,-1,63022,[0|0|0|0|0|0|0|0]
22000,,1,0,[0|0|0],8347,0,30,-1,-1,-1,710600,220,0,300,0,352080,-1,-1,1,1,1,1,1,1,1,1,1,1,1,1,1,0,0,0,2,0,0,0,0,0,0,0,0,1,1,1,0,2,1,0,3,0,0,1,1,1,1,1,1,1,1,1,1,1,1,0,0,0,0,0,0,0,0,0,0,0,0,0,0,0,0,0,0,0,0,0,0,0,0,0,0,0,1,0,1,1,0,0,[0|0],-1,-1,-1,-1,-1,63049,[0|0|0|0|0|0|0|0]
22100,,1,0,[0|0|0],8348,0,50,-1,-1,-1,710600,221,0,300,0,355010,-1,-1,1,1,1,1,1,1,0,0,0,0,0,0,0,0,0,0,2,0,0,0,0,0,0,0,0,1,1,1,0,2,1,0,5,0,0,0,0,0,0,0,0,0,1,0,0,0,0,0,0,0,1,0,1,1,1,0,0,0,0,0,0,0,0,0,0,0,0,0,0,0,0,0,0,0,0,0,0,0,0,0,[0|0],-1,-1,-1,-1,-1,63024,[0|0|0|0|0|0|0|0]
22200,,1,0,[0|0|0],8349,0,80,-1,-1,-1,710600,222,0,300,0,357020,-1,-1,1,1,1,1,0,0,1,1,0,0,0,0,0,0,0,0,1,0,0,0,0,0,0,0,0,1,1,1,0,2,1,0,7,0,0,0,0,0,0,0,0,0,0,0,0,0,0,0,0,0,1,0,0,1,1,0,0,0,0,0,0,0,0,0,0,0,0,0,0,0,0,0,0,0,0,0,0,0,0,0,[0|0],-1,-1,-1,-1,-1,63025,[0|0|0|0|0|0|0|0]
22400,,1,0,[0|0|0],8350,0,90,-1,-1,-1,710600,224,0,300,0,359000,-1,-1,1,1,1,1,0,0,0,0,0,0,1,1,1,0,0,0,1,0,0,0,0,0,0,0,0,1,1,1,0,2,1,0,11,0,0,1,1,0,0,1,0,1,1,1,0,0,0,0,0,0,0,0,0,0,0,0,0,0,0,0,0,0,0,0,0,0,0,0,0,0,0,0,0,0,1,1,1,0,0,0,[0|0],-1,-1,-1,-1,-1,63026,[0|0|0|0|0|0|0|0]
22500,,1,0,[0|0|0],8351,0,30,-1,-1,-1,710600,225,0,300,0,352090,-1,-1,1,1,1,1,1,1,1,1,1,1,1,1,1,0,0,0,2,0,0,0,0,0,0,0,0,1,1,1,0,2,1,0,3,0,0,0,0,0,0,0,0,0,1,0,0,0,0,0,0,0,1,0,0,1,1,0,0,0,0,0,0,0,0,0,0,0,0,0,0,0,0,0,0,0,0,0,0,0,0,0,[0|0],-1,-1,-1,-1,-1,63027,[0|0|0|0|0|0|0|0]
22600,,1,0,[0|0|0],8352,0,120,-1,-1,-1,710600,226,0,300,0,361000,-1,-1,1,1,1,1,0,0,0,0,0,0,1,1,1,0,0,0,1,0,0,0,0,0,0,0,0,1,1,1,0,2,1,0,12,0,0,0,0,0,0,0,0,0,0,0,0,0,0,0,0,0,1,0,1,1,0,0,0,0,0,0,0,0,0,0,0,0,0,0,0,0,0,0,0,0,0,0,0,0,0,0,[0|0],-1,-1,-1,-1,-1,63028,[0|0|0|0|0|0|0|0]
22700,,1,0,[0|0|0],8353,0,90,-1,-1,-1,710600,227,0,300,0,360010,-1,-1,1,1,1,1,0,0,0,0,1,1,0,0,0,0,0,0,1,0,0,0,0,0,0,0,0,1,1,1,0,2,1,0,9,1,0,1,1,1,1,1,1,1,1,1,1,1,1,1,1,1,1,0,1,1,1,0,0,0,1,0,0,0,0,0,0,0,0,0,0,0,0,0,0,1,0,0,1,1,0,0,[0|0],-1,-1,-1,-1,-1,63044,[0|0|0|0|0|0|0|0]
22800,,1,0,[0|0|0],8354,0,90,-1,-1,-1,710600,228,0,300,0,358000,-1,-1,1,1,1,1,0,0,0,0,0,0,1,1,1,0,0,0,1,0,0,0,0,0,0,0,0,1,1,1,0,2,1,0,10,1,0,1,1,1,1,1,1,1,1,1,1,1,1,1,1,1,1,0,1,1,1,0,0,0,1,0,0,0,0,0,0,0,0,0,0,0,0,0,0,1,0,0,1,1,0,0,[0|0],-1,-1,-1,-1,-1,63044,[0|0|0|0|0|0|0|0]
30000,,1,0,[0|0|0],8360,0,140,-1,-1,-1,710600,300,0,300,0,363030,-1,-1,1,1,1,1,1,1,1,1,1,1,1,1,1,0,0,0,1,0,0,0,0,0,0,0,0,1,1,1,0,2,1,0,0,0,0,0,0,0,0,0,0,0,0,0,0,0,0,0,0,0,0,0,0,0,0,0,0,0,0,0,0,0,0,0,0,0,0,1,1,1,0,0,0,1,0,0,0,0,0,0,[0|0],-1,-1,-1,-1,-1,63041,[0|0|0|0|0|0|0|0]
30100,,0,0,[0|0|0],8361,0,140,-1,-1,-1,710600,301,0,300,0,363050,-1,-1,1,1,1,1,1,1,1,1,1,1,1,1,1,0,0,0,1,0,0,0,0,0,0,0,0,1,1,1,0,2,1,0,0,0,0,0,0,0,0,0,0,0,0,0,0,0,0,0,0,0,0,0,0,0,0,0,0,0,0,0,0,0,0,0,0,0,0,1,1,1,0,0,0,1,0,0,0,0,0,0,[0|0],-1,-1,-1,-1,-1,63041,[0|0|0|0|0|0|0|0]
30200,,1,0,[0|0|0],8362,0,140,-1,-1,-1,710600,302,0,300,0,363000,-1,-1,1,1,1,1,1,1,1,1,1,1,1,1,1,0,0,0,1,0,0,0,0,0,0,0,0,1,1,1,0,2,1,0,0,0,0,1,0,0,0,1,0,0,0,1,0,0,0,0,0,0,0,0,0,0,0,1,1,0,0,0,0,0,0,0,0,0,0,1,1,0,0,0,0,0,1,0,0,0,0,0,[0|0],-1,-1,-1,-1,-1,63047,[0|0|0|0|0|0|0|0]
30500,,1,0,[0|0|0],8363,0,140,-1,-1,-1,710600,305,0,300,0,363070,-1,-1,1,1,1,1,0,0,0,0,1,1,0,0,0,0,0,0,1,0,0,0,0,0,0,0,0,1,1,1,0,2,1,0,8,0,0,0,0,0,0,0,0,0,0,0,0,0,0,0,0,0,0,0,0,0,0,0,0,0,0,0,0,0,0,0,0,0,0,1,1,0,0,0,0,0,0,0,0,0,0,0,[0|0],-1,-1,-1,-1,-1,63030,[0|0|0|0|0|0|0|0]
30600,,1,0,[0|0|0],8364,0,140,-1,-1,-1,710600,306,0,300,0,363020,-1,-1,1,1,1,1,1,1,1,1,1,1,1,1,1,0,0,0,1,0,0,0,0,0,0,0,0,1,1,1,0,2,1,0,0,0,0,0,0,0,0,0,0,0,0,0,0,0,0,0,0,0,0,0,0,0,0,0,0,0,0,0,0,0,0,0,0,0,0,1,1,0,0,0,0,0,0,0,0,0,0,0,[0|0],-1,-1,-1,-1,-1,63030,[0|0|0|0|0|0|0|0]
30700,,1,0,[0|0|0],8365,0,140,-1,-1,-1,710600,307,0,300,0,363010,-1,-1,1,1,1,1,0,0,1,1,0,0,0,0,0,0,0,0,2,0,0,0,0,0,0,0,0,1,1,1,0,2,1,0,7,0,0,0,0,0,0,0,0,0,0,0,0,0,0,0,0,0,0,0,0,0,0,0,0,0,0,0,0,0,0,0,0,0,0,1,1,0,0,0,0,0,0,0,0,0,0,0,[0|0],-1,-1,-1,-1,-1,63030,[0|0|0|0|0|0|0|0]
30800,,1,0,[0|0|0],8366,0,140,-1,-1,-1,710600,308,0,300,0,363040,-1,-1,1,1,1,1,1,1,1,1,1,1,1,1,1,0,0,0,1,0,0,0,0,0,0,0,0,1,1,1,0,2,1,0,0,0,0,0,0,0,0,0,0,0,0,0,0,0,0,0,0,0,0,0,0,0,0,0,0,0,0,0,0,0,0,0,0,0,0,1,1,1,0,0,0,1,0,0,0,0,0,0,[0|0],-1,-1,-1,-1,-1,63041,[0|0|0|0|0|0|0|0]
30900,,1,0,[0|0|0],8367,0,140,-1,-1,-1,710600,10,0,300,0,363080,-1,-1,1,1,1,1,1,1,1,1,1,1,1,1,1,0,0,0,1,0,0,0,0,0,0,0,0,1,1,1,0,2,1,0,0,0,0,0,0,0,0,0,0,0,0,0,0,0,0,0,0,0,0,0,0,0,0,0,0,0,0,0,0,0,0,0,0,0,0,1,1,1,1,0,0,1,0,0,0,0,0,0,[0|0],-1,-1,-1,-1,-1,63031,[0|0|0|0|0|0|0|0]
31000,,1,0,[0|0|0],8368,0,140,-1,-1,-1,710600,309,0,300,0,363060,-1,-1,1,1,1,1,0,0,0,0,1,1,0,0,0,0,0,0,2,0,0,0,0,0,0,0,0,1,1,1,0,2,1,0,8,0,0,0,0,0,0,0,0,0,0,0,0,0,0,0,0,0,0,0,0,0,0,0,0,0,0,0,0,0,0,0,0,0,0,1,1,0,0,0,0,0,0,0,0,0,0,0,[0|0],-1,-1,-1,-1,-1,63030,[0|0|0|0|0|0|0|0]
40000,,1,0,[0|0|0],8380,0,130,-1,-1,-1,710600,400,0,300,0,362010,-1,-1,1,0,0,0,0,0,0,0,0,0,0,0,0,0,0,0,1,0,0,0,0,0,0,0,0,1,1,1,0,2,1,0,0,0,0,0,0,0,0,0,0,0,0,0,0,0,0,0,0,0,0,0,0,0,0,0,0,0,0,0,0,1,0,0,0,0,0,0,0,0,0,0,0,0,0,0,0,0,0,0,[0|0],-1,-1,-1,-1,-1,63032,[0|0|0|0|0|0|0|0]
40100,,1,0,[0|0|0],8381,0,130,-1,-1,-1,710600,401,0,300,0,362020,-1,-1,1,0,0,0,0,0,0,0,0,0,0,0,0,0,0,0,1,0,0,0,0,0,0,0,0,1,1,1,0,2,1,0,0,0,0,0,0,0,0,0,0,0,0,0,0,0,0,0,0,0,0,0,0,0,0,0,0,0,0,1,0,0,0,0,0,0,0,0,0,0,0,0,0,0,0,0,0,0,0,0,[0|0],-1,-1,-1,-1,-1,63048,[0|0|0|0|0|0|0|0]
40200,,1,0,[0|0|0],8382,0,130,-1,-1,-1,710600,402,0,300,0,362000,-1,-1,1,0,0,0,0,0,0,0,0,0,0,0,0,0,0,0,1,0,0,0,0,0,0,0,0,1,1,1,0,2,1,0,0,0,0,0,0,0,0,0,0,0,0,0,0,0,0,0,0,0,0,0,0,0,0,0,0,0,0,1,1,0,0,0,0,0,0,0,0,0,0,0,0,0,0,0,0,0,0,0,[0|0],-1,-1,-1,-1,-1,63033,[0|0|0|0|0|0|0|0]
40400,,1,0,[0|0|0],8383,0,130,-1,-1,-1,710600,404,0,300,0,362040,-1,-1,1,0,0,0,0,0,0,0,0,0,0,0,0,0,0,0,1,0,0,0,0,0,0,0,0,1,1,1,0,2,1,0,0,0,0,0,0,0,0,0,0,0,0,0,0,0,0,0,0,0,0,0,0,0,0,0,0,0,0,1,1,0,0,0,0,0,0,0,0,0,0,0,0,0,0,0,0,0,0,0,[0|0],-1,-1,-1,-1,-1,63033,[0|0|0|0|0|0|0|0]
40500,,1,0,[0|0|0],8384,0,130,-1,-1,-1,710600,405,0,300,0,362030,-1,-1,1,0,0,0,0,0,0,0,0,0,0,0,0,0,0,0,1,0,0,0,0,0,0,0,0,1,1,1,0,2,1,0,0,0,0,0,0,0,0,0,0,0,0,0,0,0,0,0,0,0,0,0,0,0,0,0,0,0,0,1,1,0,0,0,0,0,0,0,0,0,0,0,0,0,0,0,0,0,0,0,[0|0],-1,-1,-1,-1,-1,63033,[0|0|0|0|0|0|0|0]
40600,,1,0,[0|0|0],8385,0,130,-1,-1,-1,710600,406,0,300,0,362050,-1,-1,1,0,0,0,0,0,0,0,0,0,0,0,0,0,0,0,2,0,0,0,0,0,0,0,0,1,1,1,0,2,1,0,0,0,0,0,0,0,0,0,0,0,0,0,0,0,0,0,0,0,0,0,0,0,0,0,0,0,0,1,1,1,0,0,0,0,0,0,0,0,0,0,0,0,0,0,0,0,0,0,[0|0],-1,-1,-1,-1,-1,63034,[0|0|0|0|0|0|0|0]
50100,,1,0,[0|0|0],8400,0,90,-1,-1,-1,710600,501,0,300,0,360020,-1,-1,1,1,1,1,0,0,0,0,1,1,0,0,0,0,0,0,1,0,0,0,0,0,0,0,0,1,1,1,0,2,1,0,9,0,0,1,1,1,1,1,1,1,1,1,1,1,1,1,1,1,1,0,1,1,1,1,1,1,1,0,0,0,0,0,0,0,0,0,0,0,0,1,0,1,1,1,1,1,1,0,[0|0],-1,-1,-1,-1,-1,63042,[0|0|0|0|0|0|0|0]
50200,,0,0,[0|0|0],8401,0,30,-1,-1,-1,710600,502,0,300,0,352070,-1,-1,1,1,1,1,1,1,1,1,1,1,1,1,1,0,0,0,1,0,0,0,0,0,0,0,0,1,1,1,0,2,1,0,3,0,0,1,1,1,1,1,1,1,1,1,1,1,1,1,1,1,1,0,1,1,1,1,1,1,1,0,0,0,0,0,0,0,0,0,0,0,0,1,1,1,1,1,1,1,1,0,[0|0],-1,-1,-1,-1,-1,63042,[0|0|0|0|0|0|0|0]
50300,,1,0,[0|0|0],8402,0,10,-1,-1,-1,710600,503,0,300,0,350050,-1,-1,1,1,1,1,1,1,1,1,1,1,1,1,1,0,0,0,1,0,0,0,0,0,0,0,0,1,1,1,0,2,1,0,1,0,0,1,1,1,1,1,1,1,1,1,1,1,1,1,1,1,1,0,1,1,1,1,1,1,1,0,0,0,0,0,0,0,0,0,0,0,0,1,1,1,1,1,1,1,1,0,[0|0],-1,-1,-1,-1,-1,63042,[0|0|0|0|0|0|0|0]
50400,,1,0,[0|0|0],8403,0,50,-1,-1,-1,710600,504,0,300,0,356020,-1,-1,1,1,1,1,0,0,1,1,0,0,0,0,0,0,0,0,1,0,0,0,0,0,0,0,0,1,1,1,0,2,1,0,6,0,0,1,1,1,1,1,1,1,1,1,1,1,1,1,1,1,1,0,1,1,1,1,1,1,1,0,0,0,0,0,0,0,0,0,0,0,0,1,0,1,1,1,1,1,1,0,[0|0],-1,-1,-1,-1,-1,63042,[0|0|0|0|0|0|0|0]
50500,,1,0,[0|0|0],8404,0,50,-1,-1,-1,710600,505,0,300,0,354010,-1,-1,1,1,1,1,1,1,0,0,0,0,0,0,0,0,0,0,1,0,0,0,0,0,0,0,0,1,1,1,0,2,1,0,4,0,0,1,1,1,1,1,1,1,1,1,1,1,1,1,1,1,1,0,1,1,1,1,1,1,1,0,0,0,0,0,0,0,0,0,0,0,0,1,0,1,1,1,1,1,1,0,[0|0],-1,-1,-1,-1,-1,63042,[0|0|0|0|0|0|0|0]
50600,,1,0,[0|0|0],8405,0,10,-1,-1,-1,710600,506,0,300,0,350070,-1,-1,1,1,1,1,1,1,1,1,1,1,1,1,1,0,0,0,1,0,0,0,0,0,0,0,0,1,1,1,0,2,1,0,1,0,0,1,1,1,1,1,1,1,1,1,1,1,1,1,1,1,1,0,1,1,1,1,1,1,1,0,0,0,0,0,0,0,0,0,0,0,0,1,1,1,1,1,1,1,1,0,[0|0],-1,-1,-1,-1,-1,63042,[0|0|0|0|0|0|0|0]
50700,,1,0,[0|0|0],8406,0,80,-1,-1,-1,710600,507,0,300,0,357060,-1,-1,1,1,1,1,0,0,1,1,0,0,0,0,0,0,0,0,2,0,0,0,0,0,0,0,0,1,1,1,0,2,1,0,7,0,0,1,1,1,1,1,1,1,1,1,1,1,1,1,1,1,1,0,1,1,1,1,1,1,1,0,0,0,0,0,0,0,0,0,0,0,0,1,0,1,1,1,1,1,1,0,[0|0],-1,-1,-1,-1,-1,63042,[0|0|0|0|0|0|0|0]
50800,,1,0,[0|0|0],8407,0,40,-1,-1,-1,710600,508,0,300,0,353070,-1,-1,1,1,1,1,0,0,0,0,1,1,0,0,0,0,0,0,3,0,0,0,0,0,0,0,0,1,1,1,0,2,1,0,8,0,0,0,0,0,1,0,0,0,0,0,0,0,1,0,1,0,0,0,1,0,0,0,0,0,1,0,0,0,0,0,0,0,0,0,0,0,0,0,0,0,0,0,0,0,0,0,[0|0],-1,-1,-1,-1,-1,63050,[0|0|0|0|0|0|0|0]
50900,,1,0,[0|0|0],8408,0,10,-1,-1,-1,710600,509,0,300,0,350090,-1,-1,1,1,1,1,1,1,1,1,1,1,1,1,1,0,0,0,3,0,0,0,0,0,0,0,0,1,1,1,0,2,1,0,1,0,0,1,1,1,1,1,1,1,1,1,1,1,1,1,1,1,1,0,1,1,1,1,1,1,1,0,0,0,0,0,0,0,0,0,0,0,0,1,1,1,1,1,1,1,1,0,[0|0],-1,-1,-1,-1,-1,63042,[0|0|0|0|0|0|0|0]
60000,,0,0,[0|0|0],8420,0,30,-1,-1,-1,710600,600,0,300,0,352100,-1,-1,1,1,1,1,1,1,1,1,1,1,1,1,1,0,0,0,1,0,0,0,0,0,0,0,0,1,1,1,0,2,1,0,3,1,0,1,1,1,1,1,1,1,1,1,1,1,1,1,1,1,1,0,1,1,1,1,1,1,1,0,0,0,0,0,0,0,0,0,0,0,0,0,0,1,0,1,1,1,1,0,[0|0],-1,-1,-1,-1,-1,63042,[0|0|0|0|0|0|0|0]
60100,,1,0,[0|0|0],8421,0,30,-1,-1,-1,710600,601,0,300,0,352110,-1,-1,1,1,1,1,1,1,1,1,1,1,1,1,1,0,0,0,2,0,0,0,0,0,0,0,0,1,1,1,0,2,1,0,3,1,0,1,1,1,1,1,1,1,1,1,1,1,1,1,1,1,1,0,1,1,1,1,1,1,1,0,0,0,0,0,0,0,0,0,0,0,0,0,0,1,0,1,1,1,1,0,[0|0],-1,-1,-1,-1,-1,63042,[0|0|0|0|0|0|0|0]
60200,,1,0,[0|0|0],8422,0,120,-1,-1,-1,710600,602,0,300,0,361030,-1,-1,1,1,1,1,0,0,0,0,0,0,1,1,1,0,0,0,1,0,0,0,0,0,0,0,0,1,1,1,0,2,1,0,12,0,0,1,1,0,0,0,0,1,1,1,0,0,0,0,0,0,0,0,0,0,0,0,0,0,0,0,0,0,0,0,0,0,0,0,0,0,0,0,0,0,1,0,1,0,0,0,[0|0],-1,-1,-1,-1,-1,63036,[0|0|0|0|0|0|0|0]
60300,,1,0,[0|0|0],8423,0,80,-1,-1,-1,710600,603,0,300,0,357070,-1,-1,1,1,1,1,0,0,1,1,0,0,0,0,0,0,0,0,2,0,0,0,0,0,0,0,0,1,1,1,0,2,1,0,7,0,0,1,1,1,1,1,1,1,1,1,1,1,1,1,1,1,1,0,1,1,1,1,1,1,1,0,0,0,0,0,0,0,0,0,0,0,0,1,0,1,1,1,1,1,1,0,[0|0],-1,-1,-1,-1,-1,63042,[0|0|0|0|0|0|0|0]
60400,,1,0,[0|0|0],8424,0,80,-1,-1,-1,710600,604,0,300,0,357030,-1,-1,1,1,1,1,0,0,1,1,0,0,0,0,0,0,0,0,1,0,0,0,0,0,0,0,0,1,1,1,0,2,1,0,7,1,0,1,1,1,1,1,1,1,1,1,1,1,1,1,1,1,1,0,1,1,1,1,1,1,1,0,0,0,0,0,0,0,0,0,0,0,0,0,0,1,0,1,1,1,1,0,[0|0],-1,-1,-1,-1,-1,63042,[0|0|0|0|0|0|0|0]
60500,,1,0,[0|0|0],8425,0,80,-1,-1,-1,710600,605,0,300,0,357040,-1,-1,1,1,1,1,0,0,1,1,0,0,0,0,0,0,0,0,2,0,0,0,0,0,0,0,0,1,1,1,0,2,1,0,7,1,0,1,1,1,1,1,1,1,1,1,1,1,1,1,1,1,1,0,1,1,1,1,1,1,1,0,0,0,0,0,0,0,0,0,0,0,0,0,0,1,0,1,1,1,1,0,[0|0],-1,-1,-1,-1,-1,63042,[0|0|0|0|0|0|0|0]
60600,,1,0,[0|0|0],8426,0,90,-1,-1,-1,710600,606,0,300,0,359030,-1,-1,1,1,1,1,0,0,0,0,0,0,1,1,1,0,0,0,1,0,0,0,0,0,0,0,0,1,1,1,0,2,1,0,11,1,0,0,1,1,0,1,1,1,1,1,1,0,0,0,0,0,1,0,1,1,0,0,0,0,0,0,0,0,0,0,0,0,0,0,0,0,0,0,0,0,0,0,1,1,0,0,[0|0],-1,-1,-1,-1,-1,63046,[0|0|0|0|0|0|0|0]
60700,,1,0,[0|0|0],8427,0,10,-1,-1,-1,710600,607,0,300,0,350040,-1,-1,1,1,1,1,1,1,1,1,1,1,1,1,1,0,0,0,2,0,0,0,0,0,0,0,0,1,1,1,0,2,1,0,1,1,0,1,1,1,1,1,1,1,1,1,1,1,1,1,1,1,1,0,1,1,1,1,1,0,1,0,0,0,0,0,0,0,0,0,0,0,0,0,0,1,0,1,1,1,1,0,[0|0],-1,-1,-1,-1,-1,63038,[0|0|0|0|0|0|0|0]
65000,,1,0,[0|0|0],8440,0,10,-1,-1,-1,710600,650,0,300,0,350110,-1,-1,1,1,1,1,1,1,1,1,1,1,1,1,1,0,0,0,1,0,0,0,0,0,0,0,0,1,1,1,0,2,1,0,1,0,0,0,1,1,1,1,1,1,1,0,0,1,1,1,1,1,1,0,1,1,1,1,1,0,1,0,0,0,0,0,0,0,0,0,0,0,0,1,0,0,0,0,1,1,1,0,[0|0],-1,-1,-1,-1,-1,63040,[0|0|0|0|0|0|0|0]
65100,,1,0,[0|0|0],8441,0,10,-1,-1,-1,710600,651,0,300,0,350100,-1,-1,1,1,1,1,1,1,1,1,1,1,1,1,1,0,0,0,1,0,0,0,0,0,0,0,0,1,1,1,0,2,1,0,1,0,0,0,1,1,1,1,1,1,1,0,0,1,1,1,1,1,1,0,1,1,1,1,1,0,1,0,0,0,0,0,0,0,0,0,0,0,0,1,0,0,0,0,1,1,1,0,[0|0],-1,-1,-1,-1,-1,63040,[0|0|0|0|0|0|0|0]
65200,,1,0,[0|0|0],8442,0,20,-1,-1,-1,710600,652,0,300,0,351100,-1,-1,1,1,1,1,1,1,1,1,1,1,1,1,1,0,0,0,2,0,0,0,0,0,0,0,0,1,1,1,0,2,1,0,2,0,0,1,1,1,1,1,1,1,1,1,1,1,1,1,1,1,1,0,1,1,1,1,1,1,1,0,0,0,0,0,0,0,0,0,0,0,0,1,1,1,1,1,1,1,1,0,[0|0],-1,-1,-1,-1,-1,63042,[0|0|0|0|0|0|0|0]
65300,,1,0,[0|0|0],8443,0,10,-1,-1,-1,710600,653,0,300,0,350130,-1,-1,1,1,1,1,1,1,1,1,1,1,1,1,1,0,0,0,2,0,0,0,0,0,0,0,0,1,1,1,0,2,1,0,1,0,0,0,0,1,1,0,1,0,0,0,1,0,1,0,1,0,0,0,0,0,0,0,0,0,1,0,0,0,0,0,0,0,0,0,0,0,0,0,0,0,0,0,0,1,0,0,[0|0],-1,-1,-1,-1,-1,63039,[0|0|0|0|0|0|0|0]
65400,,1,0,[0|0|0],8444,0,10,-1,-1,-1,710600,654,0,300,0,350120,-1,-1,1,1,1,1,1,1,1,1,1,1,1,1,1,0,0,0,1,0,0,0,0,0,0,0,0,1,1,1,0,2,1,0,1,0,0,0,1,1,1,1,1,1,1,0,0,1,1,1,1,1,1,0,1,1,1,1,1,0,1,0,0,0,0,0,0,0,0,0,0,0,0,1,0,0,0,0,1,1,1,0,[0|0],-1,-1,-1,-1,-1,63040,[0|0|0|0|0|0|0|0]
70000,,1,0,[0|0|0],8460,0,10,-1,-1,-1,710600,700,0,300,0,350060,-1,-1,1,1,1,1,1,1,1,1,1,1,1,1,1,0,0,0,1,0,0,0,0,0,0,0,0,1,1,1,0,2,1,0,1,0,0,1,1,1,1,1,1,1,1,1,1,1,1,1,1,1,1,0,1,1,1,1,1,1,1,0,0,0,0,0,0,0,0,0,0,0,0,1,1,1,1,1,1,1,1,0,[0|0],-1,-1,-1,-1,-1,63042,[0|0|0|0|0|0|0|0]
70100,,1,0,[0|0|0],8461,0,80,-1,-1,-1,710600,701,0,300,0,357080,-1,-1,1,1,1,1,0,0,1,1,0,0,0,0,0,0,0,0,1,0,0,0,0,0,0,0,0,1,1,1,0,2,1,0,7,0,0,0,0,0,0,0,0,0,0,0,0,0,0,0,0,0,0,0,0,0,0,0,0,0,0,0,0,0,0,0,0,0,0,1,1,1,0,0,0,1,0,0,0,0,0,0,[0|0],-1,-1,-1,-1,-1,63041,[0|0|0|0|0|0|0|0]
70200,,0,0,[0|0|0],8462,0,80,-1,-1,-1,710600,702,0,300,0,357090,-1,-1,1,1,1,1,0,0,1,1,0,0,0,0,0,0,0,0,2,0,0,0,0,0,0,0,0,1,1,1,0,2,1,0,7,0,0,0,0,0,0,0,0,0,0,0,0,0,0,0,0,0,0,0,0,0,0,0,0,0,0,0,0,0,0,0,0,0,0,1,1,1,0,0,0,1,0,0,0,0,0,0,[0|0],-1,-1,-1,-1,-1,63041,[0|0|0|0|0|0|0|0]
80000,,1,0,[0|0|0],8480,0,20,-1,-1,-1,710600,800,0,300,0,351070,-1,-1,1,1,1,1,1,1,1,1,1,1,1,1,1,0,0,0,1,0,0,0,0,0,0,0,0,1,1,1,0,2,1,0,2,0,0,1,1,1,1,1,1,1,1,1,1,1,1,1,1,1,1,0,1,1,1,1,1,1,1,0,0,0,0,0,0,0,0,0,0,0,0,1,1,1,1,1,1,1,1,0,[0|0],-1,-1,-1,-1,-1,63042,[0|0|0|0|0|0|0|0]
80100,,1,0,[0|0|0],8481,0,20,-1,-1,-1,710600,801,0,300,0,351080,-1,-1,1,1,1,1,1,1,1,1,1,1,1,1,1,0,0,0,2,0,0,0,0,0,0,0,0,1,1,1,0,2,1,0,2,0,0,1,1,1,1,1,1,1,1,1,1,1,1,1,1,1,1,0,1,1,1,1,1,1,1,0,0,0,0,0,0,0,0,0,0,0,0,1,1,1,1,1,1,1,1,0,[0|0],-1,-1,-1,-1,-1,63042,[0|0|0|0|0|0|0|0]
80200,,1,0,[0|0|0],8482,0,20,-1,-1,-1,710600,802,0,300,0,351090,-1,-1,1,1,1,1,1,1,1,1,1,1,1,1,1,0,0,0,2,0,0,0,0,0,0,0,0,1,1,1,0,2,1,0,2,0,0,1,1,1,1,1,1,1,1,1,1,1,1,1,1,1,1,0,1,1,1,1,1,1,1,0,0,0,0,0,0,0,0,0,0,0,0,1,1,1,1,1,1,1,1,0,[0|0],-1,-1,-1,-1,-1,63042,[0|0|0|0|0|0|0|0]
85000,,1,0,[0|0|0],8490,0,120,-1,-1,-1,710600,850,0,300,0,361020,-1,-1,1,1,1,1,0,0,0,0,0,0,1,1,1,0,0,0,2,0,0,0,0,0,0,0,0,1,1,1,0,2,1,0,12,0,0,1,1,1,1,1,1,1,1,1,1,1,1,1,1,1,1,0,1,1,1,1,1,1,1,0,0,0,0,0,0,0,0,0,0,0,0,1,0,1,1,1,1,1,1,0,[0|0],-1,-1,-1,-1,-1,63042,[0|0|0|0|0|0|0|0]
200000,,1,0,[0|0|0],8500,0,125,-1,-1,-1,710600,2000,0,300,0,361510,-1,-1,1,1,1,1,1,1,1,1,1,1,1,1,1,0,0,0,2,0,0,0,0,0,0,0,0,1,1,1,0,2,1,0,0,0,0,0,0,0,0,0,0,0,0,0,0,0,0,0,0,0,0,0,0,0,0,0,0,0,0,0,0,0,0,0,0,0,0,0,0,0,0,1,0,0,0,0,0,0,0,0,[0|0],-1,-1,-1,-1,-1,63051,[0|0|0|0|0|0|0|0]
200100,,1,0,[0|0|0],8501,0,80,-1,-1,-1,710600,2001,0,300,0,357100,-1,-1,1,1,1,1,0,0,1,1,0,0,0,0,0,0,0,0,2,0,0,0,0,0,0,0,0,1,1,1,0,2,1,0,7,0,0,1,1,1,1,1,1,1,1,1,1,0,0,0,0,0,1,0,1,1,0,0,0,0,0,0,0,0,0,0,0,0,0,0,0,0,0,0,0,0,1,0,1,1,0,0,[0|0],-1,-1,-1,-1,-1,63037,[0|0|0|0|0|0|0|0]
400000,,1,0,[0|0|0],8503,0,10,-1,-1,-1,710600,4000,0,300,0,350041,-1,-1,1,1,1,1,1,1,1,1,1,1,1,1,1,0,0,0,3,0,0,0,0,0,0,0,0,1,1,1,0,2,1,0,1,0,0,0,0,1,1,0,1,0,0,0,1,0,0,0,0,0,0,0,0,0,0,0,0,0,0,0,0,0,0,0,0,0,0,0,0,0,0,0,0,0,0,0,0,1,0,0,[0|0],-1,-1,-1,-1,-1,63060,[0|0|0|0|0|0|0|0]
401000,,1,0,[0|0|0],8504,0,125,-1,-1,-1,710600,4010,0,300,0,361500,-1,-1,1,1,1,1,1,1,1,1,1,1,1,1,1,0,0,0,1,0,0,0,0,0,0,0,0,1,1,1,0,2,1,0,0,0,0,0,0,0,0,0,0,0,0,0,0,0,0,0,0,0,0,0,0,0,0,0,0,0,0,0,0,0,0,0,0,0,0,0,0,0,0,1,0,0,0,0,0,0,0,0,[0|0],-1,-1,-1,-1,-1,63051,[0|0|0|0|0|0|0|0]
402000,,1,0,[0|0|0],8505,0,20,-1,-1,-1,710600,4020,0,300,0,351140,-1,-1,1,1,1,1,1,1,1,1,1,1,1,1,1,0,0,0,1,0,0,0,0,0,0,0,0,1,1,1,0,2,1,0,2,0,0,0,0,0,0,0,0,0,0,0,0,0,0,0,0,0,0,0,0,0,0,0,0,0,0,0,0,0,0,0,0,0,0,0,0,0,0,0,0,0,1,0,0,0,0,0,[0|0],-1,-1,-1,-1,-1,63054,[0|0|0|0|0|0|0|0]
403000,,1,0,[0|0|0],8506,0,20,-1,-1,-1,710600,4030,0,300,0,351150,-1,-1,1,1,1,1,1,1,1,1,1,1,1,1,1,0,0,0,1,0,0,0,0,0,0,0,0,1,1,1,0,2,1,0,2,0,0,0,0,0,0,0,0,0,0,0,0,0,0,0,0,0,0,0,0,0,0,0,0,0,0,0,0,0,0,0,0,0,0,0,0,0,0,0,0,0,1,0,0,0,0,0,[0|0],-1,-1,-1,-1,-1,63054,[0|0|0|0|0|0|0|0]
404000,,1,0,[0|0|0],8507,0,125,-1,-1,-1,710600,4040,0,300,0,361511,-1,-1,1,0,0,0,0,0,0,0,0,0,0,0,0,0,0,0,1,0,0,0,0,0,0,0,0,1,1,1,0,2,1,0,0,0,0,0,0,0,0,0,0,0,0,0,0,0,0,0,0,0,0,0,0,0,0,0,0,0,0,0,0,0,0,0,0,0,0,0,0,0,0,0,1,0,0,0,0,0,0,0,[0|0],-1,-1,-1,-1,-1,63052,[0|0|0|0|0|0|0|0]
405000,,1,0,[0|0|0],8508,0,125,-1,-1,-1,710600,4050,0,300,0,361520,-1,-1,1,0,0,0,0,0,0,0,0,0,0,0,0,0,0,0,1,0,0,0,0,0,0,0,0,1,1,1,0,2,1,0,0,0,0,0,0,0,0,0,0,0,0,0,0,0,0,0,0,0,0,0,0,0,0,0,0,0,0,0,0,0,0,0,0,0,0,0,0,0,0,0,1,0,0,0,0,0,0,0,[0|0],-1,-1,-1,-1,-1,63052,[0|0|0|0|0|0|0|0]
406000,,1,0,[0|0|0],8509,0,20,-1,-1,-1,710600,4060,0,300,0,351130,-1,-1,1,1,1,1,1,1,1,1,1,1,1,1,1,0,0,0,1,0,0,0,0,0,0,0,0,1,1,1,0,2,1,0,2,0,0,0,0,0,0,0,0,0,0,0,0,0,0,0,0,0,0,0,0,0,0,0,0,0,0,0,0,0,0,0,0,0,0,0,0,0,0,0,0,0,0,0,0,0,1,0,[0|0],-1,-1,-1,-1,-1,63058,[0|0|0|0|0|0|0|0]
407000,,1,0,[0|0|0],8510,0,20,-1,-1,-1,710600,4070,0,300,0,351120,-1,-1,1,1,1,1,1,1,1,1,1,1,1,1,1,0,0,0,1,0,0,0,0,0,0,0,0,1,1,1,0,2,1,0,2,0,0,0,0,0,0,0,0,0,0,0,0,0,0,0,0,0,0,0,0,0,0,0,0,0,0,0,0,0,0,0,0,0,0,0,0,0,0,0,0,0,0,0,0,0,1,0,[0|0],-1,-1,-1,-1,-1,63058,[0|0|0|0|0|0|0|0]
409000,,1,0,[0|0|0],8511,0,20,-1,-1,-1,710600,4090,0,300,0,351011,-1,-1,1,1,1,1,1,1,1,1,1,1,1,1,1,0,0,0,1,0,0,0,0,0,0,0,0,1,1,1,0,2,1,0,2,0,0,0,0,0,0,0,0,0,0,0,0,0,0,0,0,0,0,0,0,0,0,0,0,0,0,0,0,0,0,0,0,0,0,0,0,0,0,0,0,0,0,1,0,0,0,0,[0|0],-1,-1,-1,-1,-1,63055,[0|0|0|0|0|0|0|0]
410000,,1,0,[0|0|0],8512,0,20,-1,-1,-1,710600,4100,0,300,0,351012,-1,-1,1,1,1,1,1,1,1,1,1,1,1,1,1,0,0,0,2,0,0,0,0,0,0,0,0,1,1,1,0,2,1,0,2,0,0,0,0,0,0,0,0,0,0,0,0,0,0,0,0,0,0,0,0,0,0,0,0,0,0,0,0,0,0,0,0,0,0,0,0,0,0,0,0,0,0,1,0,0,0,0,[0|0],-1,-1,-1,-1,-1,63055,[0|0|0|0|0|0|0|0]
411000,,1,0,[0|0|0],8513,0,20,-1,-1,-1,710600,4110,0,300,0,351061,-1,-1,1,1,1,1,1,1,1,1,1,1,1,1,1,0,0,0,1,0,0,0,0,0,0,0,0,1,1,1,0,2,1,0,2,0,0,0,0,0,0,0,0,0,0,0,0,0,0,0,0,0,0,0,0,0,0,0,0,0,0,0,0,0,0,0,0,0,0,0,0,0,0,0,0,0,0,0,0,1,0,0,[0|0],-1,-1,-1,-1,-1,63057,[0|0|0|0|0|0|0|0]
412000,,1,0,[0|0|0],8514,0,30,-1,-1,-1,710600,4120,0,300,0,352006,-1,-1,1,1,1,1,1,1,1,1,1,1,1,1,1,0,0,0,2,0,0,0,0,0,0,0,0,1,1,1,0,2,1,0,3,0,0,0,0,0,0,0,0,0,0,0,0,0,0,0,0,0,0,0,0,0,0,0,0,0,0,0,0,0,0,0,0,0,0,0,0,0,0,0,0,0,0,0,1,0,0,0,[0|0],-1,-1,-1,-1,-1,63056,[0|0|0|0|0|0|0|0]
413000,,1,0,[0|0|0],8515,0,50,-1,-1,-1,710600,4130,0,300,0,356011,-1,-1,1,1,1,1,0,0,1,1,0,0,0,0,0,0,0,0,1,0,0,0,0,0,0,0,0,1,1,1,0,2,1,0,6,0,0,1,1,1,1,1,1,1,1,1,1,1,1,1,1,1,1,0,1,1,1,1,1,1,1,0,0,0,0,0,0,0,0,0,0,0,0,1,0,1,1,1,1,1,1,0,[0|0],-1,-1,-1,-1,-1,63042,[0|0|0|0|0|0|0|0]
414000,,1,0,[0|0|0],8516,0,50,-1,-1,-1,710600,4140,0,300,0,355020,-1,-1,1,1,1,1,1,1,0,0,0,0,0,0,0,0,0,0,2,0,0,0,0,0,0,0,0,1,1,1,0,2,1,0,5,1,0,0,1,1,1,0,0,1,1,1,1,0,0,0,0,0,1,0,1,1,0,0,0,0,0,0,0,0,0,0,0,0,0,0,0,0,0,0,0,1,0,0,1,1,0,0,[0|0],-1,-1,-1,-1,-1,63001,[0|0|0|0|0|0|0|0]
415000,,1,0,[0|0|0],8517,0,10,-1,-1,-1,710600,4150,0,300,0,350031,-1,-1,1,1,1,1,1,1,1,1,1,1,1,1,1,0,0,0,2,0,0,0,0,0,0,0,0,1,1,1,0,2,1,0,1,0,0,0,1,1,1,1,1,1,1,0,0,1,1,1,1,1,0,0,0,0,0,0,0,0,1,0,0,0,0,0,0,0,0,0,0,0,0,0,0,0,0,0,1,1,0,0,[0|0],-1,-1,-1,-1,-1,63000,[0|0|0|0|0|0|0|0]
416000,,1,0,[0|0|0],8518,0,90,-1,-1,-1,710600,4160,0,300,0,360030,-1,-1,1,1,1,1,0,0,0,0,1,1,0,0,0,0,0,0,3,0,0,0,0,0,0,0,0,1,1,1,0,2,1,0,9,0,0,1,1,1,1,1,1,1,1,1,1,1,1,1,1,1,1,0,1,1,1,1,1,1,1,0,0,0,0,0,0,0,0,0,0,0,0,1,0,1,1,1,1,1,1,0,[0|0],-1,-1,-1,-1,-1,63042,[0|0|0|0|0|0|0|0]
417000,,1,0,[0|0|0],8519,0,50,-1,-1,-1,710600,4170,0,300,0,355030,-1,-1,1,1,1,1,1,1,0,0,0,0,0,0,0,0,0,0,2,0,0,0,0,0,0,0,0,1,1,1,0,2,1,0,5,1,0,1,1,1,1,0,0,1,1,1,1,0,0,0,0,0,1,0,1,1,0,0,0,0,0,0,0,0,0,0,0,0,0,0,0,0,0,0,0,1,0,0,1,1,0,0,[0|0],-1,-1,-1,-1,-1,63059,[0|0|0|0|0|0|0|0]
418000,,1,0,[0|0|0],8520,0,40,-1,-1,-1,710600,4180,0,300,0,353045,-1,-1,1,1,1,1,0,0,0,0,1,1,0,0,0,0,0,0,2,0,0,0,0,0,0,0,0,1,1,1,0,2,1,0,8,0,0,1,1,1,0,1,1,1,1,1,1,0,0,0,0,0,0,0,0,0,0,0,0,0,0,0,0,0,0,0,0,0,0,0,0,0,0,0,0,0,1,0,1,1,0,0,[0|0],-1,-1,-1,-1,-1,63022,[0|0|0|0|0|0|0|0]
419000,,1,0,[0|0|0],8521,0,120,-1,-1,-1,710600,4190,0,300,0,361040,-1,-1,1,1,1,1,0,0,0,0,0,0,1,1,1,0,0,0,2,0,0,0,0,0,0,0,0,1,1,1,0,2,1,0,12,0,0,1,1,1,1,1,1,1,1,1,1,1,1,1,1,1,1,0,1,1,1,1,1,1,1,0,0,0,0,0,0,0,0,0,0,0,0,1,0,1,1,1,1,1,1,0,[0|0],-1,-1,-1,-1,-1,63042,[0|0|0|0|0|0|0|0]
422000,,1,0,[0|0|0],8525,0,90,-1,-1,-1,710600,4220,0,300,0,360011,-1,-1,1,1,1,1,0,0,0,0,1,1,0,0,0,0,0,0,2,0,0,0,0,0,0,0,0,1,1,1,0,2,1,0,9,0,0,0,1,1,1,1,1,1,0,1,1,0,0,0,0,0,1,0,1,1,0,0,0,0,0,0,0,0,0,0,0,0,0,0,0,0,0,0,0,0,0,0,1,1,0,0,[0|0],-1,-1,-1,-1,-1,63061,[0|0|0|0|0|0|0|0]
505000,,1,0,[0|0|0],8522,0,90,-1,-1,-1,710600,5050,0,300,0,358020,-1,-1,1,1,1,1,0,0,0,0,0,0,1,1,1,0,0,0,2,0,0,0,0,0,0,0,0,1,1,1,0,2,1,0,10,0,0,1,1,1,1,1,1,1,1,1,1,1,1,1,1,1,1,0,1,1,1,1,1,1,1,0,0,0,0,0,0,0,0,0,0,0,0,1,0,1,1,1,1,1,1,0,[0|0],-1,-1,-1,-1,-1,63042,[0|0|0|0|0|0|0|0]
548000,,1,0,[0|0|0],8523,0,130,-1,-1,-1,710600,4210,0,300,0,362015,-1,-1,1,0,0,0,0,0,0,0,0,0,0,0,0,0,0,0,2,0,0,0,0,0,0,0,0,1,1,1,0,2,1,0,0,0,0,0,0,0,0,0,0,0,0,0,0,0,0,0,0,0,0,0,0,0,0,0,0,0,0,0,0,1,0,0,0,0,0,0,0,0,0,0,0,0,0,0,0,0,0,0,[0|0],-1,-1,-1,-1,-1,63032,[0|0|0|0|0|0|0|0]
800000,,1,0,[0|0|0],8524,0,140,-1,-1,-1,710600,8000,0,300,0,363075,-1,-1,1,1,1,1,1,1,1,1,1,1,1,1,1,0,0,0,1,0,0,0,0,0,0,0,0,1,1,1,0,2,1,0,0,0,0,0,0,0,0,0,0,0,0,0,0,0,0,0,0,0,0,0,0,0,0,0,0,0,0,0,0,0,0,0,0,0,0,1,1,1,0,0,0,1,0,0,0,0,0,0,[0|0],-1,-1,-1,-1,-1,63041,[0|0|0|0|0|0|0|0]
