ID,Name,disableParam_NT,disableParamReserve1,disableParamReserve2,refId,sfxVariationId,weight,behaviorId,basicPrice,sellValue,sortId,qwcId,equipModelId,iconId,shopLv,trophySGradeId,trophySeqId,equipModelCategory,equipModelGender,accessoryCategory,refCategory,spEffectCategory,sortGroupId,vagrantItemLotId,vagrantBonusEneDropItemLotId,vagrantItemEneDropItemLotId,isDeposit,isEquipOutBrake,disableMultiDropShare,isDiscard,isDrop,showLogCondType,showDialogCondType,rarity,pad2,saleValue,accessoryGroup,pad3,compTrophySedId,residentSpEffectId1,residentSpEffectId2,residentSpEffectId3,residentSpEffectId4,pad1,
1000,,0,0,[0|0|0],310000,-1,0.3,0,0,100,400000,0,0,18000,-1,-1,-1,0,0,0,2,0,10,-1,-1,-1,1,0,0,1,1,1,2,2,[0|0],0,1000,0,-1,0,0,0,0,[0|0|0|0]
1001,,1,0,[0|0|0],310010,-1,0.3,0,0,500,400010,0,0,18001,-1,-1,-1,0,0,0,2,0,10,-1,-1,-1,1,0,0,1,1,1,2,2,[0|0],0,1000,0,-1,0,0,0,0,[0|0|0|0]
1002,,1,0,[0|0|0],310020,-1,0.3,0,0,1000,400020,0,0,18002,-1,-1,-1,0,0,0,2,0,10,-1,-1,-1,1,0,0,1,1,1,2,2,[0|0],0,1000,0,-1,0,0,0,0,[0|0|0|0]
1010,,1,0,[0|0|0],310100,-1,0.3,0,0,100,400050,0,0,18010,-1,-1,-1,0,0,0,2,0,10,-1,-1,-1,1,0,0,1,1,1,2,2,[0|0],0,1010,0,-1,0,0,0,0,[0|0|0|0]
1011,,1,0,[0|0|0],310110,-1,0.3,0,0,500,400060,0,0,18011,-1,-1,-1,0,0,0,2,0,10,-1,-1,-1,1,0,0,1,1,1,2,2,[0|0],0,1010,0,-1,0,0,0,0,[0|0|0|0]
1012,,1,0,[0|0|0],310120,-1,0.3,0,0,1000,400070,0,0,18012,-1,-1,-1,0,0,0,2,0,10,-1,-1,-1,1,0,0,1,1,1,2,2,[0|0],0,1010,0,-1,0,0,0,0,[0|0|0|0]
1020,,0,0,[0|0|0],310200,-1,0.3,0,0,100,400090,0,0,18020,-1,-1,-1,0,0,0,2,0,10,-1,-1,-1,1,0,0,1,1,1,2,2,[0|0],0,1020,0,-1,0,0,0,0,[0|0|0|0]
1021,,1,0,[0|0|0],310210,-1,0.3,0,0,500,400100,0,0,18021,-1,-1,-1,0,0,0,2,0,10,-1,-1,-1,1,0,0,1,1,1,2,2,[0|0],0,1020,0,-1,0,0,0,0,[0|0|0|0]
1022,,1,0,[0|0|0],310220,-1,0.3,0,0,1000,400110,0,0,18022,-1,-1,-1,0,0,0,2,0,10,-1,-1,-1,1,0,0,1,1,1,2,2,[0|0],0,1020,0,-1,0,0,0,0,[0|0|0|0]
1030,,0,0,[0|0|0],310300,-1,1.5,0,0,100,400130,0,0,18030,-1,-1,-1,0,0,0,2,0,10,-1,-1,-1,1,0,0,1,1,1,2,2,[0|0],0,1030,0,-1,0,0,0,0,[0|0|0|0]
1031,,1,0,[0|0|0],310310,-1,1.5,0,0,500,400140,0,0,18031,-1,-1,-1,0,0,0,2,0,10,-1,-1,-1,1,0,0,1,1,1,2,2,[0|0],0,1030,0,-1,0,0,0,0,[0|0|0|0]
1032,,1,0,[0|0|0],310320,-1,1.5,0,0,1000,400150,0,0,18032,-1,-1,-1,0,0,0,2,0,10,-1,-1,-1,1,0,0,1,1,1,2,2,[0|0],0,1030,0,-1,0,0,0,0,[0|0|0|0]
1040,,1,0,[0|0|0],310400,-1,1.5,0,0,500,400160,0,0,18040,-1,-1,-1,0,0,0,2,0,10,-1,-1,-1,1,0,0,1,1,1,2,2,[0|0],0,1040,0,-1,0,0,0,0,[0|0|0|0]
1041,,1,0,[0|0|0],310410,-1,1.5,0,0,1500,400170,0,0,18041,-1,-1,-1,0,0,0,2,0,10,-1,-1,-1,1,0,0,1,1,1,2,2,[0|0],0,1040,0,-1,0,0,0,0,[0|0|0|0]
1042,,1,0,[0|0|0],310420,-1,1.5,0,0,3000,400180,0,0,18042,-1,-1,-1,0,0,0,2,0,10,-1,-1,-1,1,0,0,1,1,1,2,3,[0|0],0,1040,0,17,0,0,0,0,[0|0|0|0]
1050,,1,0,[0|0|0],310500,-1,0.8,0,0,3000,400190,0,0,18050,-1,-1,-1,0,0,0,2,0,10,-1,-1,-1,1,0,0,1,1,1,2,2,[0|0],0,1050,0,-1,0,0,0,0,[0|0|0|0]
1051,,1,0,[0|0|0],310510,-1,0.8,0,0,3000,400200,0,0,18051,-1,-1,-1,0,0,0,2,0,10,-1,-1,-1,1,0,0,1,1,1,2,3,[0|0],0,1050,0,17,0,0,0,0,[0|0|0|0]
1060,,1,0,[0|0|0],310600,-1,0.8,0,0,1000,400230,0,0,18070,-1,-1,-1,0,0,0,2,0,10,-1,-1,-1,1,0,0,1,1,1,2,2,[0|0],0,1060,0,-1,0,0,0,0,[0|0|0|0]
1070,,1,0,[0|0|0],310700,-1,0.8,0,0,1000,400240,0,0,18080,-1,-1,-1,0,0,0,2,0,10,-1,-1,-1,1,0,0,1,1,1,2,2,[0|0],0,1070,0,-1,0,0,0,0,[0|0|0|0]
1080,,1,0,[0|0|0],310800,-1,0.6,0,0,1000,400250,0,0,18090,-1,-1,-1,0,0,0,2,0,10,-1,-1,-1,1,0,0,1,1,1,2,2,[0|0],0,1080,0,-1,0,0,0,0,[0|0|0|0]
1090,,1,0,[0|0|0],310900,-1,0.6,0,0,1000,400260,0,0,18100,-1,-1,-1,0,0,0,2,0,10,-1,-1,-1,1,0,0,1,1,1,2,2,[0|0],0,1090,0,-1,0,0,0,0,[0|0|0|0]
1100,,1,0,[0|0|0],311000,-1,1.2,0,0,500,406150,0,0,18110,-1,-1,-1,0,0,0,2,0,70,-1,-1,-1,1,0,0,1,1,1,2,2,[0|0],0,1100,0,-1,0,0,0,0,[0|0|0|0]
1110,,1,0,[0|0|0],311100,-1,1.2,0,0,500,406140,0,0,18120,-1,-1,-1,0,0,0,2,0,70,-1,-1,-1,1,0,0,1,1,1,2,2,[0|0],0,1110,0,-1,0,0,0,0,[0|0|0|0]
1140,,1,0,[0|0|0],311400,-1,0.8,0,0,2000,403050,0,0,18150,-1,-1,-1,0,0,0,2,0,40,-1,-1,-1,1,0,0,1,1,1,2,3,[0|0],0,1140,0,17,0,0,0,0,[0|0|0|0]
1150,,1,0,[0|0|0],311500,-1,0.7,0,0,500,400120,0,0,18160,-1,-1,-1,0,0,0,2,0,10,-1,-1,-1,1,0,0,1,1,1,2,2,[0|0],0,1150,0,-1,0,0,0,0,[0|0|0|0]
1160,,1,0,[0|0|0],311600,-1,0.6,0,0,500,401210,0,0,18170,-1,-1,-1,0,0,0,2,0,20,-1,-1,-1,1,0,0,1,1,1,2,2,[0|0],0,1160,0,-1,0,0,0,0,[0|0|0|0]
1161,,1,0,[0|0|0],311610,-1,0.6,0,0,1000,401220,0,0,18171,-1,-1,-1,0,0,0,2,0,20,-1,-1,-1,1,0,0,1,1,1,2,2,[0|0],0,1160,0,-1,0,0,0,0,[0|0|0|0]
1170,,1,0,[0|0|0],311700,-1,0.6,0,0,500,401190,0,0,18180,-1,-1,-1,0,0,0,2,0,20,-1,-1,-1,1,0,0,1,1,1,2,2,[0|0],0,1170,0,-1,0,0,0,0,[0|0|0|0]
1171,,1,0,[0|0|0],311710,-1,0.6,0,0,1000,401200,0,0,18181,-1,-1,-1,0,0,0,2,0,20,-1,-1,-1,1,0,0,1,1,1,2,2,[0|0],0,1170,0,-1,0,0,0,0,[0|0|0|0]
1180,,1,0,[0|0|0],311800,-1,0.6,0,0,500,401230,0,0,18190,-1,-1,-1,0,0,0,2,0,20,-1,-1,-1,1,0,0,1,1,1,2,2,[0|0],0,1180,0,-1,0,0,0,0,[0|0|0|0]
1181,,1,0,[0|0|0],311810,-1,0.6,0,0,1000,401240,0,0,18191,-1,-1,-1,0,0,0,2,0,20,-1,-1,-1,1,0,0,1,1,1,2,2,[0|0],0,1180,0,-1,0,0,0,0,[0|0|0|0]
1190,,1,0,[0|0|0],311900,-1,0.6,0,0,500,401270,0,0,3220,-1,-1,-1,0,0,0,2,0,20,-1,-1,-1,1,0,0,1,1,1,2,2,[0|0],0,1190,0,-1,0,0,0,0,[0|0|0|0]
1191,,1,0,[0|0|0],311910,-1,0.6,0,0,1000,401280,0,0,18201,-1,-1,-1,0,0,0,2,0,20,-1,-1,-1,1,0,0,1,1,1,2,2,[0|0],0,1190,0,-1,0,0,0,0,[0|0|0|0]
1200,,1,0,[0|0|0],312000,-1,0.9,0,0,1000,401250,0,0,18210,-1,-1,-1,0,0,0,2,0,20,-1,-1,-1,1,0,0,1,1,1,2,2,[0|0],0,1200,0,-1,0,0,0,0,[0|0|0|0]
1201,,1,0,[0|0|0],312010,-1,0.9,0,0,2000,401260,0,0,18211,-1,-1,-1,0,0,0,2,0,20,-1,-1,-1,1,0,0,1,1,1,2,2,[0|0],0,1200,0,-1,0,0,0,0,[0|0|0|0]
1210,,1,0,[0|0|0],312100,-1,0.5,0,0,1000,405000,0,0,18220,-1,-1,-1,0,0,0,2,0,60,-1,-1,-1,1,0,0,1,1,1,2,2,[0|0],0,1210,0,-1,0,0,0,0,[0|0|0|0]
1220,,1,0,[0|0|0],312200,-1,0.8,0,0,3000,400210,0,0,18060,-1,-1,-1,0,0,0,2,0,10,-1,-1,-1,1,0,0,1,1,1,2,2,[0|0],0,1220,0,-1,0,0,0,0,[0|0|0|0]
1221,,1,0,[0|0|0],312210,-1,0.8,0,0,3000,400220,0,0,18061,-1,-1,-1,0,0,0,2,0,10,-1,-1,-1,1,0,0,1,1,1,2,3,[0|0],0,1220,0,17,0,0,0,0,[0|0|0|0]
1230,,1,0,[0|0|0],312300,-1,0.9,0,0,500,404040,0,0,18870,-1,-1,-1,0,0,0,2,0,50,-1,-1,-1,1,0,0,1,1,1,2,2,[0|0],0,1230,0,-1,0,0,0,0,[0|0|0|0]
1231,,1,0,[0|0|0],312310,-1,0.9,0,0,1000,404050,0,0,18871,-1,-1,-1,0,0,0,2,0,50,-1,-1,-1,1,0,0,1,1,1,2,2,[0|0],0,1230,0,-1,0,0,0,0,[0|0|0|0]
1250,,1,0,[0|0|0],312500,-1,1.6,0,0,1000,406080,0,0,18890,-1,-1,-1,0,0,0,2,0,70,-1,-1,-1,1,0,0,1,1,1,2,2,[0|0],0,1250,0,-1,312501,312502,312503,312504,[0|0|0|0]
2000,,1,0,[0|0|0],320000,-1,0.8,0,0,500,405020,0,0,18230,-1,-1,-1,0,0,0,2,0,60,-1,-1,-1,1,0,0,1,1,1,2,2,[0|0],0,2000,0,-1,0,0,0,0,[0|0|0|0]
2010,,1,0,[0|0|0],320100,-1,0.8,0,0,500,405040,0,0,18240,-1,-1,-1,0,0,0,2,0,60,-1,-1,-1,1,0,0,1,1,1,2,2,[0|0],0,2010,0,-1,0,0,0,0,[0|0|0|0]
2020,,1,0,[0|0|0],320200,-1,0.8,0,0,500,405030,0,0,18250,-1,-1,-1,0,0,0,2,0,60,-1,-1,-1,1,0,0,1,1,1,2,2,[0|0],0,2020,0,-1,0,0,0,0,[0|0|0|0]
2030,,1,0,[0|0|0],320300,-1,0.8,0,0,500,405050,0,0,18260,-1,-1,-1,0,0,0,2,0,60,-1,-1,-1,1,0,0,1,1,1,2,2,[0|0],0,2030,0,-1,0,0,0,0,[0|0|0|0]
2040,,1,0,[0|0|0],320400,-1,1.4,0,0,500,406000,0,0,18270,-1,-1,-1,0,0,0,2,0,70,-1,-1,-1,1,0,0,1,1,1,2,2,[0|0],0,2040,0,-1,0,0,0,0,[0|0|0|0]
2050,,1,0,[0|0|0],320500,-1,0.9,0,0,500,406020,0,0,18280,-1,-1,-1,0,0,0,2,0,70,-1,-1,-1,1,0,0,1,1,1,2,2,[0|0],0,2050,0,-1,0,0,0,0,[0|0|0|0]
2060,,1,0,[0|0|0],320600,-1,0.5,0,0,500,402050,0,0,18290,-1,-1,-1,0,0,0,2,0,30,-1,-1,-1,1,0,0,1,1,1,2,2,[0|0],0,2060,0,-1,0,0,0,0,[0|0|0|0]
2070,,1,0,[0|0|0],320700,-1,0.9,0,0,500,402040,0,0,18300,-1,-1,-1,0,0,0,2,0,30,-1,-1,-1,1,0,0,1,1,1,2,2,[0|0],0,2070,0,-1,0,0,0,0,[0|0|0|0]
2080,,1,0,[0|0|0],320800,-1,1.4,0,0,500,406060,0,0,18310,-1,-1,-1,0,0,0,2,0,70,-1,-1,-1,1,0,0,1,1,1,2,2,[0|0],0,2080,0,-1,320801,320802,320803,0,[0|0|0|0]
2081,,1,0,[0|0|0],320810,-1,1.4,0,0,500,406070,0,0,18311,-1,-1,-1,0,0,0,2,0,70,-1,-1,-1,1,0,0,1,1,1,2,2,[0|0],0,2080,0,-1,320811,320812,320813,0,[0|0|0|0]
2090,,1,0,[0|0|0],320900,-1,1.1,0,0,500,402000,0,0,18320,-1,-1,-1,0,0,0,2,0,30,-1,-1,-1,1,0,0,1,1,1,2,2,[0|0],0,2090,0,-1,0,0,0,0,[0|0|0|0]
2100,,1,0,[0|0|0],321000,-1,0.7,0,0,500,402100,0,0,18330,-1,-1,-1,0,0,0,2,0,30,-1,-1,-1,1,0,0,1,1,1,2,2,[0|0],0,2100,0,-1,0,0,0,0,[0|0|0|0]
2110,,1,0,[0|0|0],321100,-1,0.9,0,0,500,405010,0,0,18350,-1,-1,-1,0,0,0,2,0,60,-1,-1,-1,1,0,0,1,1,1,2,2,[0|0],0,2110,0,-1,0,0,0,0,[0|0|0|0]
2120,,1,0,[0|0|0],321200,-1,0.7,0,0,500,402020,0,0,18360,-1,-1,-1,0,0,0,2,0,30,-1,-1,-1,1,0,0,1,1,1,2,2,[0|0],0,2120,0,-1,0,0,0,0,[0|0|0|0]
2130,,1,0,[0|0|0],321300,-1,0.8,0,0,500,402030,0,0,18370,-1,-1,-1,0,0,0,2,0,30,-1,-1,-1,1,0,0,1,1,1,2,2,[0|0],0,2130,0,-1,0,0,0,0,[0|0|0|0]
2140,,1,0,[0|0|0],321400,-1,0.7,0,0,500,402060,0,0,18380,-1,-1,-1,0,0,0,2,0,30,-1,-1,-1,1,0,0,1,1,1,2,2,[0|0],0,2140,0,-1,0,0,0,0,[0|0|0|0]
2150,,1,0,[0|0|0],321500,-1,0.7,0,0,500,402090,0,0,18340,-1,-1,-1,0,0,0,2,0,30,-1,-1,-1,1,0,0,1,1,1,2,2,[0|0],0,2150,0,-1,0,0,0,0,[0|0|0|0]
2160,,1,0,[0|0|0],321600,-1,0.9,0,0,500,406110,0,0,18390,-1,-1,-1,0,0,0,2,0,70,-1,-1,-1,1,0,0,1,1,1,2,2,[0|0],0,2160,0,-1,0,0,0,0,[0|0|0|0]
2170,,1,0,[0|0|0],321700,-1,0.9,0,0,500,406100,0,0,18400,-1,-1,-1,0,0,0,2,0,70,-1,-1,-1,1,0,0,1,1,1,2,2,[0|0],0,2170,0,-1,0,0,0,0,[0|0|0|0]
2180,,1,0,[0|0|0],321800,-1,0.7,0,0,500,402070,0,0,18800,-1,-1,-1,0,0,0,2,0,30,-1,-1,-1,1,0,0,1,1,1,2,2,[0|0],0,2180,0,-1,0,0,0,0,[0|0|0|0]
2190,,1,0,[0|0|0],321900,-1,0.7,0,0,500,404000,0,0,18810,-1,-1,-1,0,0,0,2,0,50,-1,-1,-1,1,0,0,1,1,1,2,2,[0|0],0,2190,0,-1,321901,0,0,0,[0|0|0|0]
2200,,0,0,[0|0|0],322000,-1,0.7,0,0,500,402010,0,0,18820,-1,-1,-1,0,0,0,2,0,30,-1,-1,-1,1,0,0,1,1,1,2,2,[0|0],0,2200,0,-1,0,0,0,0,[0|0|0|0]
2210,,1,0,[0|0|0],322100,-1,0.6,0,0,500,404010,0,0,18830,-1,-1,-1,0,0,0,2,0,50,-1,-1,-1,1,0,0,1,1,1,2,2,[0|0],0,2210,0,-1,20383000,0,0,0,[0|0|0|0]
2220,,1,0,[0|0|0],322200,-1,0.6,0,0,500,404020,0,0,18840,-1,-1,-1,0,0,0,2,0,50,-1,-1,-1,1,0,0,1,1,1,2,2,[0|0],0,2220,0,-1,0,0,0,0,[0|0|0|0]
3000,,1,0,[0|0|0],330000,-1,0.7,0,0,1000,403000,0,0,18410,-1,-1,-1,0,0,0,2,0,40,-1,-1,-1,1,0,0,1,1,1,2,2,[0|0],0,3000,0,-1,0,0,0,0,[0|0|0|0]
3001,,1,0,[0|0|0],330010,-1,1,0,0,2000,403010,0,0,18411,-1,-1,-1,0,0,0,2,0,40,-1,-1,-1,1,0,0,1,1,1,2,2,[0|0],0,3001,0,-1,0,0,0,0,[0|0|0|0]
3040,,1,0,[0|0|0],330400,-1,0.7,0,0,1000,403020,0,0,18440,-1,-1,-1,0,0,0,2,0,40,-1,-1,-1,1,0,0,1,1,1,2,2,[0|0],0,3040,0,-1,0,0,0,0,[0|0|0|0]
3050,,1,0,[0|0|0],330500,-1,1,0,0,2000,403030,0,0,18450,-1,-1,-1,0,0,0,2,0,40,-1,-1,-1,1,0,0,1,1,1,2,2,[0|0],0,3050,0,-1,0,0,0,0,[0|0|0|0]
3060,,1,0,[0|0|0],330600,-1,0.5,0,0,1000,403060,0,0,18460,-1,-1,-1,0,0,0,2,0,40,-1,-1,-1,1,0,0,1,1,1,2,3,[0|0],0,3060,0,17,0,0,0,0,[0|0|0|0]
3070,,1,0,[0|0|0],330700,-1,0.7,0,0,1000,403070,0,0,18470,-1,-1,-1,0,0,0,2,0,40,-1,-1,-1,1,0,0,1,1,1,2,3,[0|0],0,3070,0,17,0,0,0,0,[0|0|0|0]
3080,,1,0,[0|0|0],330800,-1,0.6,0,0,2000,403040,0,0,18480,-1,-1,-1,0,0,0,2,0,40,-1,-1,-1,1,0,0,1,1,1,2,2,[0|0],0,3080,0,-1,0,0,0,0,[0|0|0|0]
3090,,1,0,[0|0|0],330900,-1,0.8,0,0,1000,404060,0,0,18860,-1,-1,-1,0,0,0,2,0,50,-1,-1,-1,1,0,0,1,1,1,2,3,[0|0],0,3090,0,17,0,0,0,0,[0|0|0|0]
4000,,1,0,[0|0|0],340000,-1,0.8,0,0,100,401000,0,0,18490,-1,-1,-1,0,0,0,2,0,20,-1,-1,-1,1,0,0,1,1,1,2,2,[0|0],0,4000,0,-1,0,0,0,0,[0|0|0|0]
4001,,1,0,[0|0|0],340010,-1,0.8,0,0,500,401010,0,0,18491,-1,-1,-1,0,0,0,2,0,20,-1,-1,-1,1,0,0,1,1,1,2,2,[0|0],0,4000,0,-1,0,0,0,0,[0|0|0|0]
4002,,1,0,[0|0|0],340020,-1,0.8,0,0,1000,401020,0,0,18492,-1,-1,-1,0,0,0,2,0,20,-1,-1,-1,1,0,0,1,1,1,2,2,[0|0],0,4000,0,-1,0,0,0,0,[0|0|0|0]
4003,,1,0,[0|0|0],340030,-1,0.8,0,0,2000,401030,0,0,18493,-1,-1,-1,0,0,0,2,0,20,-1,-1,-1,1,0,0,1,1,1,2,3,[0|0],0,4000,0,17,0,0,0,0,[0|0|0|0]
4010,,1,0,[0|0|0],340100,-1,0.6,0,0,100,401040,0,0,18500,-1,-1,-1,0,0,0,2,0,20,-1,-1,-1,1,0,0,1,1,1,2,2,[0|0],0,4010,0,-1,0,0,0,0,[0|0|0|0]
4011,,1,0,[0|0|0],340110,-1,0.6,0,0,500,401050,0,0,18501,-1,-1,-1,0,0,0,2,0,20,-1,-1,-1,1,0,0,1,1,1,2,2,[0|0],0,4010,0,-1,0,0,0,0,[0|0|0|0]
4012,,1,0,[0|0|0],340120,-1,0.6,0,0,1000,401060,0,0,18502,-1,-1,-1,0,0,0,2,0,20,-1,-1,-1,1,0,0,1,1,1,2,2,[0|0],0,4010,0,-1,0,0,0,0,[0|0|0|0]
4020,,1,0,[0|0|0],340200,-1,0.6,0,0,100,401070,0,0,18510,-1,-1,-1,0,0,0,2,0,20,-1,-1,-1,1,0,0,1,1,1,2,2,[0|0],0,4020,0,-1,0,0,0,0,[0|0|0|0]
4021,,1,0,[0|0|0],340210,-1,0.6,0,0,500,401080,0,0,18511,-1,-1,-1,0,0,0,2,0,20,-1,-1,-1,1,0,0,1,1,1,2,2,[0|0],0,4020,0,-1,0,0,0,0,[0|0|0|0]
4022,,1,0,[0|0|0],340220,-1,0.6,0,0,1000,401090,0,0,18512,-1,-1,-1,0,0,0,2,0,20,-1,-1,-1,1,0,0,1,1,1,2,2,[0|0],0,4020,0,-1,0,0,0,0,[0|0|0|0]
4030,,1,0,[0|0|0],340300,-1,0.6,0,0,100,401100,0,0,18520,-1,-1,-1,0,0,0,2,0,20,-1,-1,-1,1,0,0,1,1,1,2,2,[0|0],0,4030,0,-1,0,0,0,0,[0|0|0|0]
4031,,1,0,[0|0|0],340310,-1,0.6,0,0,500,401110,0,0,18521,-1,-1,-1,0,0,0,2,0,20,-1,-1,-1,1,0,0,1,1,1,2,2,[0|0],0,4030,0,-1,0,0,0,0,[0|0|0|0]
4032,,1,0,[0|0|0],340320,-1,0.6,0,0,1000,401120,0,0,18522,-1,-1,-1,0,0,0,2,0,20,-1,-1,-1,1,0,0,1,1,1,2,2,[0|0],0,4030,0,-1,0,0,0,0,[0|0|0|0]
4040,,1,0,[0|0|0],340400,-1,0.6,0,0,100,401130,0,0,18530,-1,-1,-1,0,0,0,2,0,20,-1,-1,-1,1,0,0,1,1,1,2,2,[0|0],0,4040,0,-1,0,0,0,0,[0|0|0|0]
4041,,1,0,[0|0|0],340410,-1,0.6,0,0,500,401140,0,0,18531,-1,-1,-1,0,0,0,2,0,20,-1,-1,-1,1,0,0,1,1,1,2,2,[0|0],0,4040,0,-1,0,0,0,0,[0|0|0|0]
4042,,1,0,[0|0|0],340420,-1,0.6,0,0,1000,401150,0,0,18532,-1,-1,-1,0,0,0,2,0,20,-1,-1,-1,1,0,0,1,1,1,2,2,[0|0],0,4040,0,-1,0,0,0,0,[0|0|0|0]
4050,,1,0,[0|0|0],340500,-1,0.9,0,0,100,401160,0,0,18540,-1,-1,-1,0,0,0,2,0,20,-1,-1,-1,1,0,0,1,1,1,2,2,[0|0],0,4050,0,-1,0,0,0,0,[0|0|0|0]
4051,,1,0,[0|0|0],340510,-1,0.9,0,0,500,401170,0,0,18541,-1,-1,-1,0,0,0,2,0,20,-1,-1,-1,1,0,0,1,1,1,2,2,[0|0],0,4050,0,-1,0,0,0,0,[0|0|0|0]
4052,,1,0,[0|0|0],340520,-1,0.9,0,0,1000,401180,0,0,18542,-1,-1,-1,0,0,0,2,0,20,-1,-1,-1,1,0,0,1,1,1,2,2,[0|0],0,4050,0,-1,0,0,0,0,[0|0|0|0]
4060,,1,0,[0|0|0],340600,-1,1.1,0,0,500,405060,0,0,18550,-1,-1,-1,0,0,0,2,0,60,-1,-1,-1,1,0,0,1,1,1,2,2,[0|0],0,4060,0,-1,0,0,0,0,[0|0|0|0]
4070,,1,0,[0|0|0],340700,-1,0.8,0,0,1000,405070,0,0,18560,-1,-1,-1,0,0,0,2,0,60,-1,-1,-1,1,0,0,1,1,1,2,2,[0|0],0,4070,0,-1,0,0,0,0,[0|0|0|0]
4080,,1,0,[0|0|0],340800,-1,1.1,0,0,500,406010,0,0,18570,-1,-1,-1,0,0,0,2,0,70,-1,-1,-1,1,0,0,1,1,1,2,2,[0|0],0,4080,0,-1,0,0,0,0,[0|0|0|0]
4090,,1,0,[0|0|0],340900,-1,0.9,0,0,500,406030,0,0,18580,-1,-1,-1,0,0,0,2,0,70,-1,-1,-1,1,0,0,1,1,1,2,2,[0|0],0,4090,0,-1,0,0,0,0,[0|0|0|0]
4100,,1,0,[0|0|0],341000,-1,0.9,0,0,500,402080,0,0,18590,-1,-1,-1,0,0,0,2,0,30,-1,-1,-1,1,0,0,1,1,1,2,2,[0|0],0,4100,0,-1,0,0,0,0,[0|0|0|0]
4110,,1,0,[0|0|0],341100,-1,0.5,0,0,500,405080,0,0,18600,-1,-1,-1,0,0,0,2,0,60,-1,-1,-1,1,0,0,1,1,1,2,2,[0|0],0,4110,0,-1,0,0,0,0,[0|0|0|0]
5000,,1,0,[0|0|0],350000,-1,0.8,0,0,1000,400030,0,0,18610,-1,-1,-1,0,0,0,2,0,10,-1,-1,-1,1,0,0,1,1,1,2,2,[0|0],0,5000,0,-1,0,0,0,0,[0|0|0|0]
5010,,1,0,[0|0|0],350100,-1,0.8,0,0,1000,400080,0,0,18620,-1,-1,-1,0,0,0,2,0,10,-1,-1,-1,1,0,0,1,1,1,2,2,[0|0],0,5010,0,-1,0,0,0,0,[0|0|0|0]
5020,,1,0,[0|0|0],350200,-1,0.6,0,0,1000,400040,0,0,18630,-1,-1,-1,0,0,0,2,0,10,-1,-1,-1,1,0,0,1,1,1,2,2,[0|0],0,5020,0,-1,0,0,0,0,[0|0|0|0]
5030,,1,0,[0|0|0],350300,-1,1,0,0,1000,406120,0,0,18640,-1,-1,-1,0,0,0,2,0,70,-1,-1,-1,1,0,0,1,1,1,2,2,[0|0],0,5030,0,-1,0,0,0,0,[0|0|0|0]
5040,,1,0,[0|0|0],350400,-1,0.9,0,0,1000,406090,0,0,18650,-1,-1,-1,0,0,0,2,0,70,-1,-1,-1,1,0,0,1,1,1,2,2,[0|0],0,5040,0,-1,0,0,0,0,[0|0|0|0]
5050,,1,0,[0|0|0],350500,-1,0.8,0,0,1500,406040,0,0,18660,-1,-1,-1,0,0,0,2,0,70,-1,-1,-1,1,0,0,1,1,1,2,2,[0|0],0,5050,0,-1,0,0,0,0,[0|0|0|0]
5060,,1,0,[0|0|0],350600,-1,0.8,0,0,1500,406050,0,0,18670,-1,-1,-1,0,0,0,2,0,70,-1,-1,-1,1,0,0,1,1,1,2,2,[0|0],0,5060,0,-1,0,0,0,0,[0|0|0|0]
6000,,1,0,[0|0|0],360000,-1,0.7,0,0,500,407000,0,0,18680,-1,-1,-1,0,0,0,2,0,80,-1,-1,-1,1,0,0,1,1,1,2,2,[0|0],0,6000,0,-1,0,0,0,0,[0|0|0|0]
6010,,1,0,[0|0|0],360100,-1,0.9,0,0,500,407010,0,0,18690,-1,-1,-1,0,0,0,2,0,80,-1,-1,-1,1,0,0,1,1,1,2,2,[0|0],0,6010,0,-1,0,0,0,0,[0|0|0|0]
6020,,1,0,[0|0|0],360200,-1,0.8,0,0,1000,404030,0,0,18700,-1,-1,-1,0,0,0,2,0,50,-1,-1,-1,1,0,0,1,1,1,2,2,[0|0],0,6020,0,-1,0,0,0,0,[0|0|0|0]
6040,,1,0,[0|0|0],360400,-1,0.6,0,0,500,407020,0,0,18720,-1,-1,-1,0,0,0,2,0,80,-1,-1,-1,1,0,0,1,1,1,2,2,[0|0],0,6040,0,-1,0,0,0,0,[0|0|0|0]
6050,,1,0,[0|0|0],360500,-1,0.6,0,0,500,407050,0,0,18730,-1,-1,-1,0,0,0,2,0,80,-1,-1,-1,1,0,0,1,1,1,2,2,[0|0],0,6050,0,-1,0,0,0,0,[0|0|0|0]
6060,,1,0,[0|0|0],360600,-1,0.8,0,0,500,407060,0,0,18740,-1,-1,-1,0,0,0,2,0,80,-1,-1,-1,1,0,0,1,1,1,2,2,[0|0],0,6060,0,-1,0,0,0,0,[0|0|0|0]
6070,,1,0,[0|0|0],360700,-1,1,0,0,1000,407070,0,0,18750,-1,-1,-1,0,0,0,2,0,80,-1,-1,-1,1,0,0,1,1,1,2,1,[0|0],0,6070,0,-1,0,0,0,0,[0|0|0|0]
6080,,1,0,[0|0|0],360800,-1,0.7,0,0,1000,407030,0,0,18760,-1,-1,-1,0,0,0,2,0,80,-1,-1,-1,1,0,0,1,1,1,2,2,[0|0],0,6080,0,-1,0,0,0,0,[0|0|0|0]
6090,,1,0,[0|0|0],360900,-1,0.7,0,0,1000,407040,0,0,18770,-1,-1,-1,0,0,0,2,0,80,-1,-1,-1,1,0,0,1,1,1,2,2,[0|0],0,6080,0,-1,0,0,0,0,[0|0|0|0]
6100,,1,0,[0|0|0],361000,-1,0.5,0,0,1000,999999,0,0,18780,-1,-1,-1,0,0,0,2,0,255,-1,-1,-1,1,0,0,1,0,1,2,2,[0|0],0,6100,0,-1,0,0,0,0,[0|0|0|0]
6110,,1,0,[0|0|0],361100,-1,1.2,0,0,500,406130,0,0,18880,-1,-1,-1,0,0,0,2,0,70,-1,-1,-1,1,0,0,1,1,1,2,3,[0|0],0,6110,0,-1,0,0,0,0,[0|0|0|0]
7000,,0,0,[0|0|0],20370000,-1,0.6,0,0,2000,400025,0,0,18900,-1,-1,-1,0,0,0,2,0,10,-1,-1,-1,1,0,0,1,1,1,2,2,[0|0],0,1000,0,-1,0,0,0,0,[0|0|0|0]
7010,,0,0,[0|0|0],20370100,-1,0.6,0,0,2000,400075,0,0,18901,-1,-1,-1,0,0,0,2,0,10,-1,-1,-1,1,0,0,1,1,1,2,2,[0|0],0,1010,0,-1,0,0,0,0,[0|0|0|0]
7020,,0,0,[0|0|0],20370200,-1,0.6,0,0,2000,400115,0,0,18902,-1,-1,-1,0,0,0,2,0,10,-1,-1,-1,1,0,0,1,1,1,2,2,[0|0],0,1020,0,-1,0,0,0,0,[0|0|0|0]
7030,,0,0,[0|0|0],20370300,-1,1,0,0,1000,400125,0,0,18903,-1,-1,-1,0,0,0,2,0,10,-1,-1,-1,1,0,0,1,1,1,2,2,[0|0],0,1150,0,-1,0,0,0,0,[0|0|0|0]
7040,,0,0,[0|0|0],20370400,-1,0.9,0,0,2000,401221,0,0,18904,-1,-1,-1,0,0,0,2,0,20,-1,-1,-1,1,0,0,1,1,1,2,2,[0|0],0,1160,0,-1,0,0,0,0,[0|0|0|0]
7050,,0,0,[0|0|0],20370500,-1,0.9,0,0,2000,401201,0,0,18905,-1,-1,-1,0,0,0,2,0,20,-1,-1,-1,1,0,0,1,1,1,2,2,[0|0],0,1170,0,-1,0,0,0,0,[0|0|0|0]
7060,,0,0,[0|0|0],20370600,-1,0.9,0,0,2000,401241,0,0,18906,-1,-1,-1,0,0,0,2,0,20,-1,-1,-1,1,0,0,1,1,1,2,2,[0|0],0,1180,0,-1,0,0,0,0,[0|0|0|0]
7080,,0,0,[0|0|0],20370800,-1,1.2,0,0,3000,401261,0,0,18908,-1,-1,-1,0,0,0,2,0,20,-1,-1,-1,1,0,0,1,1,1,2,2,[0|0],0,1200,0,-1,0,0,0,0,[0|0|0|0]
7090,,0,0,[0|0|0],20370900,-1,0.9,0,0,2000,401061,0,0,18909,-1,-1,-1,0,0,0,2,0,20,-1,-1,-1,1,0,0,1,1,1,2,2,[0|0],0,4010,0,-1,0,0,0,0,[0|0|0|0]
7100,,0,0,[0|0|0],20371000,-1,0.9,0,0,2000,401091,0,0,18910,-1,-1,-1,0,0,0,2,0,20,-1,-1,-1,1,0,0,1,1,1,2,2,[0|0],0,4020,0,-1,0,0,0,0,[0|0|0|0]
7110,,0,0,[0|0|0],20371100,-1,0.9,0,0,2000,401121,0,0,18911,-1,-1,-1,0,0,0,2,0,20,-1,-1,-1,1,0,0,1,1,1,2,2,[0|0],0,4030,0,-1,0,0,0,0,[0|0|0|0]
7120,,0,0,[0|0|0],20371200,-1,0.9,0,0,2000,401151,0,0,18912,-1,-1,-1,0,0,0,2,0,20,-1,-1,-1,1,0,0,1,1,1,2,2,[0|0],0,4040,0,-1,0,0,0,0,[0|0|0|0]
7130,,0,0,[0|0|0],20371300,-1,1.2,0,0,2000,401181,0,0,18913,-1,-1,-1,0,0,0,2,0,20,-1,-1,-1,1,0,0,1,1,1,2,2,[0|0],0,4050,0,-1,0,0,0,0,[0|0|0|0]
7140,,0,0,[0|0|0],20371400,-1,1.1,0,0,2000,400035,0,0,18914,-1,-1,-1,0,0,0,2,0,10,-1,-1,-1,1,0,0,1,1,1,2,2,[0|0],0,5000,0,-1,0,0,0,0,[0|0|0|0]
7150,,0,0,[0|0|0],20371500,-1,1.1,0,0,2000,400081,0,0,18915,-1,-1,-1,0,0,0,2,0,10,-1,-1,-1,1,0,0,1,1,1,2,2,[0|0],0,5010,0,-1,0,0,0,0,[0|0|0|0]
8000,,0,0,[0|0|0],20380000,-1,1.2,0,0,1000,400082,0,0,18916,-1,-1,-1,0,0,0,2,0,10,-1,-1,-1,1,0,0,1,1,1,2,2,[0|0],0,8000,0,-1,0,0,0,0,[0|0|0|0]
8010,,0,0,[0|0|0],20380100,-1,0.6,0,0,500,405090,0,0,18917,-1,-1,-1,0,0,0,2,0,60,-1,-1,-1,1,0,0,1,1,1,2,2,[0|0],0,8010,0,-1,0,0,0,0,[0|0|0|0]
8020,,0,0,[0|0|0],20380200,-1,0.6,0,0,1000,400270,0,0,18918,-1,-1,-1,0,0,0,2,0,10,-1,-1,-1,1,0,0,1,1,1,2,2,[0|0],0,8020,0,-1,0,0,0,0,[0|0|0|0]
8030,,0,0,[0|0|0],20380300,-1,0.8,0,0,500,404080,0,0,18924,-1,-1,-1,0,0,0,2,0,50,-1,-1,-1,1,0,0,1,1,1,2,2,[0|0],0,8030,0,-1,0,0,0,0,[0|0|0|0]
8040,,0,0,[0|0|0],20380400,-1,1.2,0,0,500,402075,0,0,18919,-1,-1,-1,0,0,0,2,0,30,-1,-1,-1,1,0,0,1,1,1,2,2,[0|0],0,8040,0,-1,0,0,0,0,[0|0|0|0]
8050,,0,0,[0|0|0],20380500,-1,1.2,0,0,500,406131,0,0,18920,-1,-1,-1,0,0,0,2,0,70,-1,-1,-1,1,0,0,1,1,1,2,2,[0|0],0,8050,0,-1,0,0,0,0,[0|0|0|0]
8060,,0,0,[0|0|0],20380600,-1,0.9,0,0,500,406111,0,0,18921,-1,-1,-1,0,0,0,2,0,70,-1,-1,-1,1,0,0,1,1,1,2,2,[0|0],0,8060,0,-1,0,0,0,0,[0|0|0|0]
8070,,0,0,[0|0|0],20380700,-1,1.1,0,0,1000,402110,0,0,18922,-1,-1,-1,0,0,0,2,0,30,-1,-1,-1,1,0,0,1,1,1,2,2,[0|0],0,2100,0,-1,0,0,0,0,[0|0|0|0]
8090,,0,0,[0|0|0],20380900,-1,0.9,0,0,500,402081,0,0,18925,-1,-1,-1,0,0,0,2,0,30,-1,-1,-1,1,0,0,1,1,1,2,2,[0|0],0,8090,0,-1,0,0,0,0,[0|0|0|0]
8100,,0,0,[0|0|0],20381000,-1,0.8,0,0,500,406133,0,0,18923,-1,-1,-1,0,0,0,2,0,70,-1,-1,-1,1,0,0,1,1,1,2,2,[0|0],0,8100,0,-1,0,0,0,0,[0|0|0|0]
8110,,0,0,[0|0|0],20381100,-1,1.3,0,0,500,404090,0,0,18934,-1,-1,-1,0,0,0,2,0,50,-1,-1,-1,1,0,0,1,1,1,2,2,[0|0],0,8110,0,-1,0,0,0,0,[0|0|0|0]
8120,,0,0,[0|0|0],20381200,-1,0.6,0,0,500,401281,0,0,18926,-1,-1,-1,0,0,0,2,0,20,-1,-1,-1,1,0,0,1,1,1,2,2,[0|0],0,8120,0,-1,0,0,0,0,[0|0|0|0]
8130,,0,0,[0|0|0],20381300,-1,0.8,0,0,500,402082,0,0,18937,-1,-1,-1,0,0,0,2,0,30,-1,-1,-1,1,0,0,1,1,1,2,2,[0|0],0,8130,0,-1,0,0,0,0,[0|0|0|0]
8140,,0,0,[0|0|0],20381400,-1,0.8,0,0,500,402083,0,0,18938,-1,-1,-1,0,0,0,2,0,30,-1,-1,-1,1,0,0,1,1,1,2,2,[0|0],0,8140,0,-1,0,0,0,0,[0|0|0|0]
8150,,0,0,[0|0|0],19990,-1,0.6,0,0,500,402120,0,0,18927,-1,-1,-1,0,0,0,2,0,30,-1,-1,-1,1,0,0,1,1,1,2,2,[0|0],0,8150,0,-1,0,0,0,0,[0|0|0|0]
8160,,0,0,[0|0|0],20381600,-1,0.9,0,0,500,406112,0,0,18928,-1,-1,-1,0,0,0,2,0,70,-1,-1,-1,1,0,0,1,1,1,2,2,[0|0],0,8160,0,-1,0,0,0,0,[0|0|0|0]
8170,,0,0,[0|0|0],20381700,-1,0.6,0,0,500,404110,0,0,18929,-1,-1,-1,0,0,0,2,0,50,-1,-1,-1,1,0,0,1,1,1,2,2,[0|0],0,8170,0,-1,0,0,0,0,[0|0|0|0]
8180,,0,0,[0|0|0],20381800,-1,0.7,0,0,500,404100,0,0,18930,-1,-1,-1,0,0,0,2,0,50,-1,-1,-1,1,0,0,1,1,1,2,2,[0|0],0,8180,0,-1,0,0,0,0,[0|0|0|0]
8190,,0,0,[0|0|0],20381900,-1,1.3,0,0,2000,403080,0,0,18931,-1,-1,-1,0,0,0,2,0,40,-1,-1,-1,1,0,0,1,1,1,2,2,[0|0],0,3070,0,-1,0,0,0,0,[0|0|0|0]
8200,,0,0,[0|0|0],20382000,-1,3,0,0,1000,400083,0,0,18932,-1,-1,-1,0,0,0,2,0,10,-1,-1,-1,1,0,0,1,1,1,2,2,[0|0],0,8200,0,-1,0,0,0,0,[0|0|0|0]
8210,,0,0,[0|0|0],19985,-1,4.5,0,0,500,405015,0,0,18933,-1,-1,-1,0,0,0,2,0,60,-1,-1,-1,1,0,0,1,1,1,2,2,[0|0],0,8210,0,-1,0,0,0,0,[0|0|0|0]
8220,,0,0,[0|0|0],20382200,-1,0.8,0,0,500,404070,0,0,18935,-1,-1,-1,0,0,0,2,0,50,-1,-1,-1,1,0,0,1,1,1,2,2,[0|0],0,8220,0,-1,0,0,0,0,[0|0|0|0]
8230,,0,0,[0|0|0],20382300,-1,1.3,0,0,500,406113,0,0,18936,-1,-1,-1,0,0,0,2,0,70,-1,-1,-1,1,0,0,1,1,1,2,2,[0|0],0,8230,0,-1,0,0,0,0,[0|0|0|0]
8240,,0,0,[0|0|0],20382400,-1,1.9,0,0,2000,405100,0,0,18939,-1,-1,-1,0,0,0,2,0,60,-1,-1,-1,1,0,0,1,1,1,2,2,[0|0],0,4060,0,-1,20382401,20382402,20382403,20382404,[0|0|0|0]
204000,,0,0,[0|0|0],20511070,-1,0.3,0,0,100,999999,0,0,0,-1,-1,-1,0,0,0,2,0,255,-1,-1,-1,1,0,0,1,1,1,2,2,[0|0],0,1000,0,-1,0,0,0,0,[0|0|0|0]
999999999,,1,0,[0|0|0],361100,-1,0.8,0,0,100,9999999,0,0,18880,-1,-1,-1,0,0,0,2,0,255,-1,-1,-1,1,0,0,1,0,1,2,1,[0|0],0,6100,0,-1,0,0,0,0,[0|0|0|0]
